,Unnamed: 0,id,text,is_retweet,is_deleted,favorites,retweets,date,text_clean,lemmas,contains_metaphor
16,42,1.346469204740903e+18,"Pleased to announce that @KLoeffler & @sendavidperdue have just joined our great #StopTheSteal group of Senators. They will fight the ridiculous Electoral College Certification of Biden. How do you certify numbers that have now proven to be wrong and, in many cases, fraudulent!",False,False,177332,42347,2021-01-05,"Pleased to announce that & have just joined our great StopTheSteal group of Senators. They will fight the ridiculous Electoral College Certification of Biden. How do you certify numbers that have now proven to be wrong and, in many cases, fraudulent!","['pleased', 'to', 'announce', 'that', '&', 'have', 'just', 'join', 'our', 'great', 'stopthesteal', 'group', 'of', 'senators', '.', 'they', 'will', 'fight', 'the', 'ridiculous', 'electoral', 'college', 'certification', 'of', 'biden', '.', 'how', 'do', 'you', 'certify', 'number', 'that', 'have', 'now', 'prove', 'to', 'be', 'wrong', 'and', ',', 'in', 'many', 'case', ',', 'fraudulent', '!']",True
27,63,1.3465787064379638e+18,"Washington is being inundated with people who don’t want to see an election victory stolen by emboldened Radical Left Democrats. Our Country has had enough, they won’t take it anymore! We hear you (and love you) from the Oval Office. MAKE AMERICA GREAT AGAIN!",False,False,328137,82574,2021-01-05,"Washington is being inundated with people who don’t want to see an election victory stolen by emboldened Radical Left Democrats. Our Country has had enough, they won’t take it anymore! We hear you (and love you) from the Oval Office. MAKE AMERICA GREAT AGAIN!","['washington', 'be', 'be', 'inundate', 'with', 'people', 'who', 'do', 'not', 'want', 'to', 'see', 'an', 'election', 'victory', 'steal', 'by', 'emboldened', 'radical', 'left', 'democrats', '.', 'our', 'country', 'have', 'have', 'enough', ',', 'they', 'will', 'not', 'take', 'it', 'anymore', '!', 'we', 'hear', 'you', '(', 'and', 'love', 'you', ')', 'from', 'the', 'oval', 'office', '.', 'make', 'america', 'great', 'again', '!']",True
28,64,1.3295214295750492e+18,Nolte: Top Pollster Finds 47% Say ‘Likely‘ Democrats Stole Election https://t.co/d8YFhFzA5w via @BreitbartNews Rigged Election!,False,False,115529,25660,2020-11-19,Nolte: Top Pollster Finds 47% Say ‘Likely‘ Democrats Stole Election via Rigged Election!,"['nolte', ':', 'top', 'pollster', 'find', '47', '%', 'say', ""'"", 'likely', ""'"", 'democrats', 'steal', 'election', 'via', 'rigged', 'election', '!']",True
30,67,1.3465803187452068e+18,"I hope the Democrats, and even more importantly, the weak and ineffective RINO section of the Republican Party, are looking at the thousands of people pouring into D.C. They won’t stand for a landslide election victory to be stolen. @senatemajldr @JohnCornyn @SenJohnThune",False,False,210988,55852,2021-01-05,"I hope the Democrats, and even more importantly, the weak and ineffective RINO section of the Republican Party, are looking at the thousands of people pouring into D.C. They won’t stand for a landslide election victory to be stolen.","['i', 'hope', 'the', 'democrats', ',', 'and', 'even', 'more', 'importantly', ',', 'the', 'weak', 'and', 'ineffective', 'rino', 'section', 'of', 'the', 'republican', 'party', ',', 'be', 'look', 'at', 'the', 'thousand', 'of', 'people', 'pour', 'into', 'd.c.', 'they', 'will', 'not', 'stand', 'for', 'a', 'landslide', 'election', 'victory', 'to', 'be', 'steal', '.']",True
36,75,1.3294241341666875e+18,"Almost ZERO ballots rejected in Georgia this election. In years past, close to 4%. Not possible. Must have signature check on envelopes now. Very easy to do. Dems fighting because they got caught. Far more votes than needed for flip. Republicans must get tough! @BrianKempGA",False,False,217844,47813,2020-11-19,"Almost ZERO ballots rejected in Georgia this election. In years past, close to 4%. Not possible. Must have signature check on envelopes now. Very easy to do. Dems fighting because they got caught. Far more votes than needed for flip. Republicans must get tough!","['almost', 'zero', 'ballot', 'reject', 'in', 'georgia', 'this', 'election', '.', 'in', 'year', 'past', ',', 'close', 'to', '4', '%', '.', 'not', 'possible', '.', 'must', 'have', 'signature', 'check', 'on', 'envelope', 'now', '.', 'very', 'easy', 'to', 'do', '.', 'dem', 'fight', 'because', 'they', 'get', 'catch', '.', 'far', 'more', 'vote', 'than', 'need', 'for', 'flip', '.', 'republican', 'must', 'get', 'tough', '!']",True
39,80,1.3261861267098214e+18,"WATCH FOR MASSIVE BALLOT COUNTING ABUSE AND, JUST LIKE THE EARLY VACCINE, REMEMBER I TOLD YOU SO!",False,False,420361,74544,2020-11-10,"WATCH FOR MASSIVE BALLOT COUNTING ABUSE AND, JUST LIKE THE EARLY VACCINE, REMEMBER I TOLD YOU SO!","['watch', 'for', 'massive', 'ballot', 'counting', 'abuse', 'and', ',', 'just', 'like', 'the', 'early', 'vaccine', ',', 'remember', 'i', 'tell', 'you', 'so', '!']",True
40,82,1.3261862971579638e+18,BALLOT COUNTING ABUSE!,False,False,525218,77977,2020-11-10,BALLOT COUNTING ABUSE!,"['ballot', 'counting', 'abuse', '!']",True
43,87,1.346659909492998e+18,Looks like they are setting up a big “voter dump” against the Republican candidates. Waiting to see how many votes they need?,False,False,331427,77805,2021-01-06,Looks like they are setting up a big “voter dump” against the Republican candidates. Waiting to see how many votes they need?,"['look', 'like', 'they', 'be', 'set', 'up', 'a', 'big', '""', 'voter', 'dump', '""', 'against', 'the', 'republican', 'candidate', '.', 'wait', 'to', 'see', 'how', 'many', 'vote', 'they', 'need', '?']",True
47,91,1.3261941431320822e+18,"Republicans, don’t let Andrew McCabe continue to get away with totally criminal activity. What he did should never be allowed to happen to our Country again. FIGHT FOR JUSTICE!",False,False,349531,69352,2020-11-10,"Republicans, don’t let Andrew McCabe continue to get away with totally criminal activity. What he did should never be allowed to happen to our Country again. FIGHT FOR JUSTICE!","['republican', ',', 'do', 'not', 'let', 'andrew', 'mccabe', 'continue', 'to', 'get', 'away', 'with', 'totally', 'criminal', 'activity', '.', 'what', 'he', 'do', 'should', 'never', 'be', 'allow', 'to', 'happen', 'to', 'our', 'country', 'again', '.', 'fight', 'for', 'justice', '!']",True
79,154,1.3469549709107077e+18,These are the things and events that happen when a sacred landslide election victory is so unceremoniously & viciously stripped away from great patriots who have been badly & unfairly treated for so long. Go home with love & in peace. Remember this day forever!,False,False,0,0,2021-01-06,These are the things and events that happen when a sacred landslide election victory is so unceremoniously & viciously stripped away from great patriots who have been badly & unfairly treated for so long. Go home with love & in peace. Remember this day forever!,"['these', 'be', 'the', 'thing', 'and', 'event', 'that', 'happen', 'when', 'a', 'sacred', 'landslide', 'election', 'victory', 'be', 'so', 'unceremoniously', '&', 'viciously', 'strip', 'away', 'from', 'great', 'patriot', 'who', 'have', 'be', 'badly', '&', 'unfairly', 'treat', 'for', 'so', 'long', '.', 'go', 'home', 'with', 'love', '&', 'in', 'peace', '.', 'remember', 'this', 'day', 'forever', '!']",True
83,161,1.3323378955842642e+18,"No, the 2020 Election was a total scam, we won by a lot (and will hopefully turn over the fraudulent result), but we must get out and help David and Kelly, two GREAT people. Otherwise we are playing right into the hands of some very sick people. I will be in Georgia on Saturday! https://t.co/1ziqFq9S6O",False,False,139741,33998,2020-11-27,"No, the 2020 Election was a total scam, we won by a lot (and will hopefully turn over the fraudulent result), but we must get out and help David and Kelly, two GREAT people. Otherwise we are playing right into the hands of some very sick people. I will be in Georgia on Saturday!","['no', ',', 'the', '2020', 'election', 'be', 'a', 'total', 'scam', ',', 'we', 'win', 'by', 'a', 'lot', '(', 'and', 'will', 'hopefully', 'turn', 'over', 'the', 'fraudulent', 'result', ')', ',', 'but', 'we', 'must', 'get', 'out', 'and', 'help', 'david', 'and', 'kelly', ',', 'two', 'great', 'people', '.', 'otherwise', 'we', 'be', 'play', 'right', 'into', 'the', 'hand', 'of', 'some', 'very', 'sick', 'people', '.', 'i', 'will', 'be', 'in', 'georgia', 'on', 'saturday', '!']",True
97,188,1.3289007474975252e+18,"Wow! Governor Kemp will hopefully see the light before it is too late. Must finally take charge! Two GREAT Senators, who do so much for Georgia and truly love the USA, are in a must win battle with two incompetents who don’t have a clue! https://t.co/j10ZRZpYjK",False,False,141230,30442,2020-11-18,"Wow! Governor Kemp will hopefully see the light before it is too late. Must finally take charge! Two GREAT Senators, who do so much for Georgia and truly love the USA, are in a must win battle with two incompetents who don’t have a clue!","['wow', '!', 'governor', 'kemp', 'will', 'hopefully', 'see', 'the', 'light', 'before', 'it', 'be', 'too', 'late', '.', 'must', 'finally', 'take', 'charge', '!', 'two', 'great', 'senators', ',', 'who', 'do', 'so', 'much', 'for', 'georgia', 'and', 'truly', 'love', 'the', 'usa', ',', 'be', 'in', 'a', 'must', 'win', 'battle', 'with', 'two', 'incompetent', 'who', 'do', 'not', 'have', 'a', 'clue', '!']",True
111,217,1.3302482686563574e+18,Watch: Hundreds of Activists Gather for ‘Stop the Steal‘ Rally in Georgia https://t.co/vUG1bqG9yg via  BreitbartNews  Big Rallies all over the Country. The proof pouring in is undeniable. Many more votes than needed. This was a LANDSLIDE!,False,False,150945,35275,2020-11-21,Watch: Hundreds of Activists Gather for ‘Stop the Steal‘ Rally in Georgia via BreitbartNews Big Rallies all over the Country. The proof pouring in is undeniable. Many more votes than needed. This was a LANDSLIDE!,"['watch', ':', 'hundred', 'of', 'activists', 'gather', 'for', ""'"", 'stop', 'the', 'steal', ""'"", 'rally', 'in', 'georgia', 'via', 'breitbartnews', 'big', 'rally', 'all', 'over', 'the', 'country', '.', 'the', 'proof', 'pour', 'in', 'be', 'undeniable', '.', 'many', 'more', 'vote', 'than', 'need', '.', 'this', 'be', 'a', 'landslide', '!']",True
132,301,1.330361494710661e+18,"Thanks Mark. It’s all a continuation of the never ending Witch Hunt. Judge Brann, who would not even allow us to present our case or evidence, is an appointment of Senator Pat “No Tariffs” Toomey of Pennsylvania, no friend of mine, & Obama - No wonder. 900,000 Fraudulent Votes! https://t.co/17rk2KsUPs",False,False,39385,9458,2020-11-22,"Thanks Mark. It’s all a continuation of the never ending Witch Hunt. Judge Brann, who would not even allow us to present our case or evidence, is an appointment of Senator Pat “No Tariffs” Toomey of Pennsylvania, no friend of mine, & Obama - No wonder. 900,000 Fraudulent Votes!","['thank', 'mark', '.', 'it', '’', 'all', 'a', 'continuation', 'of', 'the', 'never', 'end', 'witch', 'hunt', '.', 'judge', 'brann', ',', 'who', 'would', 'not', 'even', 'allow', 'we', 'to', 'present', 'our', 'case', 'or', 'evidence', ',', 'be', 'an', 'appointment', 'of', 'senator', 'pat', '""', 'no', 'tariffs', '""', 'toomey', 'of', 'pennsylvania', ',', 'no', 'friend', 'of', 'mine', ',', '&', 'obama', '-', 'no', 'wonder', '.', '900,000', 'fraudulent', 'votes', '!']",True
137,314,1.3334058542976328e+18,"I’m not fighting for me, I’m fighting for the 74,000,000 million people (not including the many Trump ballots that were “tossed”), a record for a sitting President, who voted for me!",False,False,496088,84459,2020-11-30,"I’m not fighting for me, I’m fighting for the 74,000,000 million people (not including the many Trump ballots that were “tossed”), a record for a sitting President, who voted for me!","['i', '’m', 'not', 'fight', 'for', 'i', ',', 'i', '’m', 'fight', 'for', 'the', '74,000,000', 'million', 'people', '(', 'not', 'include', 'the', 'many', 'trump', 'ballot', 'that', 'be', '""', 'toss', '""', ')', ',', 'a', 'record', 'for', 'a', 'sit', 'president', ',', 'who', 'vote', 'for', 'i', '!']",True
141,320,1.330374020613759e+18,"Thanks Mark. It’s all a continuation of the never ending Witch Hunt. Judge Brann, who would not even allow us to present our case or evidence, is a product of Senator Pat “No Tariffs” Toomey of Pennsylvania, no friend of mine, & Obama - No wonder. 900,000 Fraudulent Votes! https://t.co/17rk2KsUPs",False,False,144982,30473,2020-11-22,"Thanks Mark. It’s all a continuation of the never ending Witch Hunt. Judge Brann, who would not even allow us to present our case or evidence, is a product of Senator Pat “No Tariffs” Toomey of Pennsylvania, no friend of mine, & Obama - No wonder. 900,000 Fraudulent Votes!","['thank', 'mark', '.', 'it', '’', 'all', 'a', 'continuation', 'of', 'the', 'never', 'end', 'witch', 'hunt', '.', 'judge', 'brann', ',', 'who', 'would', 'not', 'even', 'allow', 'we', 'to', 'present', 'our', 'case', 'or', 'evidence', ',', 'be', 'a', 'product', 'of', 'senator', 'pat', '""', 'no', 'tariffs', '""', 'toomey', 'of', 'pennsylvania', ',', 'no', 'friend', 'of', 'mine', ',', '&', 'obama', '-', 'no', 'wonder', '.', '900,000', 'fraudulent', 'votes', '!']",True
144,324,1.3290872551687086e+18,"In Detroit, there are FAR MORE VOTES THAN PEOPLE. Nothing can be done to cure that giant scam. I win Michigan!",False,False,360087,69145,2020-11-18,"In Detroit, there are FAR MORE VOTES THAN PEOPLE. Nothing can be done to cure that giant scam. I win Michigan!","['in', 'detroit', ',', 'there', 'be', 'far', 'more', 'vote', 'than', 'people', '.', 'nothing', 'can', 'be', 'do', 'to', 'cure', 'that', 'giant', 'scam', '.', 'i', 'win', 'michigan', '!']",True
145,327,1.3292335021397156e+18,"Look at this in Wisconsin! A day AFTER the election, Biden receives a dump of 143,379 votes at 3:42AM, when they learned he was losing badly. This is unbelievable! https://t.co/nhiLMmyHBn",False,False,369662,118380,2020-11-19,"Look at this in Wisconsin! A day AFTER the election, Biden receives a dump of 143,379 votes at 3:42AM, when they learned he was losing badly. This is unbelievable!","['look', 'at', 'this', 'in', 'wisconsin', '!', 'a', 'day', 'after', 'the', 'election', ',', 'biden', 'receive', 'a', 'dump', 'of', '143,379', 'vote', 'at', '3:42am', ',', 'when', 'they', 'learn', 'he', 'be', 'lose', 'badly', '.', 'this', 'be', 'unbelievable', '!']",True
155,347,1.330487246236029e+18,It’s all about the signatures on the envelopes. Why are the Democrats fighting so hard to hide them. We will find massive numbers of fraudulent ballots. The signatures won’t match. Fight hard Republicans. Don’t let them destroy the evidence! https://t.co/qN2jHGeWEN,False,False,155833,38419,2020-11-22,It’s all about the signatures on the envelopes. Why are the Democrats fighting so hard to hide them. We will find massive numbers of fraudulent ballots. The signatures won’t match. Fight hard Republicans. Don’t let them destroy the evidence!,"['it', '’', 'all', 'about', 'the', 'signature', 'on', 'the', 'envelope', '.', 'why', 'be', 'the', 'democrats', 'fight', 'so', 'hard', 'to', 'hide', 'they', '.', 'we', 'will', 'find', 'massive', 'number', 'of', 'fraudulent', 'ballot', '.', 'the', 'signature', 'will', 'not', 'match', '.', 'fight', 'hard', 'republicans', '.', 'do', 'not', 'let', 'they', 'destroy', 'the', 'evidence', '!']",True
159,358,1.3336102603811758e+18,Donald Trump Calls In to Arizona Voter Fraud Hearing: We‘re Fighting Back https://t.co/pzDS6YnwSf via @BreitbartNews. A very inspiring hearing. Such great support from both witnesses to election fraud and political leaders!,False,False,118000,23951,2020-12-01,Donald Trump Calls In to Arizona Voter Fraud Hearing: We‘re Fighting Back via . A very inspiring hearing. Such great support from both witnesses to election fraud and political leaders!,"['donald', 'trump', 'call', 'in', 'to', 'arizona', 'voter', 'fraud', 'hearing', ':', 'we‘re', 'fight', 'back', 'via', '.', 'a', 'very', 'inspiring', 'hearing', '.', 'such', 'great', 'support', 'from', 'both', 'witness', 'to', 'election', 'fraud', 'and', 'political', 'leader', '!']",True
164,369,1.331013908971262e+18,"...fight, and I believe we will prevail! Nevertheless, in the best interest of our Country, I am recommending that Emily and her team do what needs to be done with regard to initial protocols, and have told my team to do the same.",False,False,239911,35172,2020-11-23,"...fight, and I believe we will prevail! Nevertheless, in the best interest of our Country, I am recommending that Emily and her team do what needs to be done with regard to initial protocols, and have told my team to do the same.","['...', 'fight', ',', 'and', 'i', 'believe', 'we', 'will', 'prevail', '!', 'nevertheless', ',', 'in', 'the', 'good', 'interest', 'of', 'our', 'country', ',', 'i', 'be', 'recommend', 'that', 'emily', 'and', 'her', 'team', 'do', 'what', 'need', 'to', 'be', 'do', 'with', 'regard', 'to', 'initial', 'protocol', ',', 'and', 'have', 'tell', 'my', 'team', 'to', 'do', 'the', 'same', '.']",True
165,372,1.331086969183621e+18,What does GSA being allowed to preliminarily work with the Dems have to do with continuing to pursue our various cases on what will go down as the most corrupt election in American political history? We are moving full speed ahead. Will never concede to fake ballots & “Dominion”.,False,False,344794,75668,2020-11-24,What does GSA being allowed to preliminarily work with the Dems have to do with continuing to pursue our various cases on what will go down as the most corrupt election in American political history? We are moving full speed ahead. Will never concede to fake ballots & “Dominion”.,"['what', 'do', 'gsa', 'be', 'allow', 'to', 'preliminarily', 'work', 'with', 'the', 'dems', 'have', 'to', 'do', 'with', 'continue', 'to', 'pursue', 'our', 'various', 'case', 'on', 'what', 'will', 'go', 'down', 'as', 'the', 'most', 'corrupt', 'election', 'in', 'american', 'political', 'history', '?', 'we', 'be', 'move', 'full', 'speed', 'ahead', '.', 'will', 'never', 'concede', 'to', 'fake', 'ballot', '&', '""', 'dominion', '""', '.']",True
167,374,1.3312142479557386e+18,"Poll: 79 Percent of Trump Voters Believe ‘Election Was Stolen‘ https://t.co/PmMBmt05AI via @BreitbartNews They are 100% correct, but we are fighting hard. Our big lawsuit, which spells out in great detail all of the ballot fraud and more, will soon be filled. RIGGED ELECTION!",False,False,184222,44923,2020-11-24,"Poll: 79 Percent of Trump Voters Believe ‘Election Was Stolen‘ via They are 100% correct, but we are fighting hard. Our big lawsuit, which spells out in great detail all of the ballot fraud and more, will soon be filled. RIGGED ELECTION!","['poll', ':', '79', 'percent', 'of', 'trump', 'voters', 'believe', ""'"", 'election', 'be', 'steal', ""'"", 'via', 'they', 'be', '100', '%', 'correct', ',', 'but', 'we', 'be', 'fight', 'hard', '.', 'our', 'big', 'lawsuit', ',', 'which', 'spell', 'out', 'in', 'great', 'detail', 'all', 'of', 'the', 'ballot', 'fraud', 'and', 'more', ',', 'will', 'soon', 'be', 'fill', '.', 'rigged', 'election', '!']",True
170,379,1.3270953987129467e+18,"Must see @seanhannity takedown of the horrible, inaccurate and anything but secure Dominion Voting System which is used in States where tens of thousands of votes were stolen from us and given to Biden. Likewise, the Great @LouDobbs has a confirming and powerful piece!",False,False,319244,65693,2020-11-13,"Must see takedown of the horrible, inaccurate and anything but secure Dominion Voting System which is used in States where tens of thousands of votes were stolen from us and given to Biden. Likewise, the Great has a confirming and powerful piece!","['must', 'see', 'takedown', 'of', 'the', 'horrible', ',', 'inaccurate', 'and', 'anything', 'but', 'secure', 'dominion', 'voting', 'system', 'which', 'be', 'use', 'in', 'states', 'where', 'ten', 'of', 'thousand', 'of', 'vote', 'be', 'steal', 'from', 'we', 'and', 'give', 'to', 'biden', '.', 'likewise', ',', 'the', 'great', 'have', 'a', 'confirming', 'and', 'powerful', 'piece', '!']",True
191,415,1.3314042881496433e+18,"Should President Trump concede to Biden? Poll Results: No: 190,593  (98.9%) Yes: 2,181  (1.1%) Total Votes: 192,774. @gregkellyusa @newsmax For the good of our Country we must prevail!",False,False,344113,62587,2020-11-25,"Should President Trump concede to Biden? Poll Results: No: 190,593 (98.9%) Yes: 2,181 (1.1%) Total Votes: 192,774. For the good of our Country we must prevail!","['should', 'president', 'trump', 'concede', 'to', 'biden', '?', 'poll', 'result', ':', 'no', ':', '190,593', '(', '98.9', '%', ')', 'yes', ':', '2,181', '(', '1.1', '%', ')', 'total', 'vote', ':', '192,774', '.', 'for', 'the', 'good', 'of', 'our', 'country', 'we', 'must', 'prevail', '!']",True
193,431,1.3274369636584694e+18,"“The worst thing you can do is bet against Donald Trump, considering what has been done against him. They flooded the zone with mail-in ballots. We need every vote counted, and ferociously.” @PeteHegseth @seanhannity",False,False,250108,50353,2020-11-14,"“The worst thing you can do is bet against Donald Trump, considering what has been done against him. They flooded the zone with mail-in ballots. We need every vote counted, and ferociously.”","['""', 'the', 'bad', 'thing', 'you', 'can', 'do', 'be', 'bet', 'against', 'donald', 'trump', ',', 'consider', 'what', 'have', 'be', 'do', 'against', 'he', '.', 'they', 'flood', 'the', 'zone', 'with', 'mail', '-', 'in', 'ballot', '.', 'we', 'need', 'every', 'vote', 'count', ',', 'and', 'ferociously', '.', '""']",True
208,504,1.3277048419641836e+18,"People are not going to stand for having this Election stolen from them by a privately owned Radical Left company, Dominion, and many other reasons! https://t.co/RMOa4jKZwA",False,False,278755,66391,2020-11-14,"People are not going to stand for having this Election stolen from them by a privately owned Radical Left company, Dominion, and many other reasons!","['people', 'be', 'not', 'go', 'to', 'stand', 'for', 'have', 'this', 'election', 'steal', 'from', 'they', 'by', 'a', 'privately', 'own', 'radical', 'left', 'company', ',', 'dominion', ',', 'and', 'many', 'other', 'reason', '!']",True
212,511,1.3277157679163924e+18,The hand recount taking place in Georgia is a waste of time. They are not showing the matching signatures. Call off the recount until they allow the MATCH. Don’t let the Radical Left Dems STEAL THE ELECTION!,False,False,302185,70205,2020-11-14,The hand recount taking place in Georgia is a waste of time. They are not showing the matching signatures. Call off the recount until they allow the MATCH. Don’t let the Radical Left Dems STEAL THE ELECTION!,"['the', 'hand', 'recount', 'take', 'place', 'in', 'georgia', 'be', 'a', 'waste', 'of', 'time', '.', 'they', 'be', 'not', 'show', 'the', 'matching', 'signature', '.', 'call', 'off', 'the', 'recount', 'until', 'they', 'allow', 'the', 'match', '.', 'do', 'not', 'let', 'the', 'radical', 'left', 'dems', 'steal', 'the', 'election', '!']",True
222,532,1.327824600760275e+18,"Antifa SCUM ran for the hills today when they tried attacking the people at the Trump Rally, because those people aggressively fought back. Antifa waited until tonight, when 99% were gone, to attack innocent #MAGA People. DC Police, get going — do you job and don’t hold back!!!",False,False,56627,16548,2020-11-15,"Antifa SCUM ran for the hills today when they tried attacking the people at the Trump Rally, because those people aggressively fought back. Antifa waited until tonight, when 99% were gone, to attack innocent MAGA People. DC Police, get going — do you job and don’t hold back!!!","['antifa', 'scum', 'run', 'for', 'the', 'hill', 'today', 'when', 'they', 'try', 'attack', 'the', 'people', 'at', 'the', 'trump', 'rally', ',', 'because', 'those', 'people', 'aggressively', 'fight', 'back', '.', 'antifa', 'wait', 'until', 'tonight', ',', 'when', '99', '%', 'be', 'go', ',', 'to', 'attack', 'innocent', 'maga', 'people', '.', 'dc', 'police', ',', 'get', 'go', '—', 'do', 'you', 'job', 'and', 'do', 'not', 'hold', 'back', '!', '!', '!']",True
223,534,1.3278280073110733e+18,"ANTIFA SCUM ran for the hills today when they tried attacking the people at the Trump Rally, because those people aggressively fought back. Antifa waited until tonight, when 99% were gone, to attack innocent #MAGA People. DC Police, get going — do your job and don’t hold back!!!",False,False,342024,75236,2020-11-15,"ANTIFA SCUM ran for the hills today when they tried attacking the people at the Trump Rally, because those people aggressively fought back. Antifa waited until tonight, when 99% were gone, to attack innocent MAGA People. DC Police, get going — do your job and don’t hold back!!!","['antifa', 'scum', 'run', 'for', 'the', 'hill', 'today', 'when', 'they', 'try', 'attack', 'the', 'people', 'at', 'the', 'trump', 'rally', ',', 'because', 'those', 'people', 'aggressively', 'fight', 'back', '.', 'antifa', 'wait', 'until', 'tonight', ',', 'when', '99', '%', 'be', 'go', ',', 'to', 'attack', 'innocent', 'maga', 'people', '.', 'dc', 'police', ',', 'get', 'go', '—', 'do', 'your', 'job', 'and', 'do', 'not', 'hold', 'back', '!', '!', '!']",True
241,576,1.327958640309973e+18,"All of the mechanical “glitches” that took place on Election Night were really THEM getting caught trying to steal votes. They succeeded plenty, however, without getting caught. Mail-in elections are a sick joke!",False,False,269285,53371,2020-11-15,"All of the mechanical “glitches” that took place on Election Night were really THEM getting caught trying to steal votes. They succeeded plenty, however, without getting caught. Mail-in elections are a sick joke!","['all', 'of', 'the', 'mechanical', '""', 'glitch', '""', 'that', 'take', 'place', 'on', 'election', 'night', 'be', 'really', 'they', 'getting', 'catch', 'try', 'to', 'steal', 'vote', '.', 'they', 'succeed', 'plenty', ',', 'however', ',', 'without', 'getting', 'catch', '.', 'mail', '-', 'in', 'election', 'be', 'a', 'sick', 'joke', '!']",True
248,596,1.3279796304779223e+18,He only won in the eyes of the FAKE NEWS MEDIA. I concede NOTHING! We have a long way to go. This was a RIGGED ELECTION!,False,False,572034,109164,2020-11-15,He only won in the eyes of the FAKE NEWS MEDIA. I concede NOTHING! We have a long way to go. This was a RIGGED ELECTION!,"['he', 'only', 'win', 'in', 'the', 'eye', 'of', 'the', 'fake', 'news', 'media', '.', 'i', 'concede', 'nothing', '!', 'we', 'have', 'a', 'long', 'way', 'to', 'go', '.', 'this', 'be', 'a', 'rigged', 'election', '!']",True
249,605,1.3280551969042514e+18,"John Bolton was one of the dumbest people in government that I’ve had the “pleasure” to work with. A sullen, dull and quiet guy, he added nothing to National Security except, “Gee, let’s go to war.” Also, illegally released much Classified Information. A real dope!",False,False,355884,61089,2020-11-15,"John Bolton was one of the dumbest people in government that I’ve had the “pleasure” to work with. A sullen, dull and quiet guy, he added nothing to National Security except, “Gee, let’s go to war.” Also, illegally released much Classified Information. A real dope!","['john', 'bolton', 'be', 'one', 'of', 'the', 'dumb', 'people', 'in', 'government', 'that', 'i', '’ve', 'have', 'the', '""', 'pleasure', '""', 'to', 'work', 'with', '.', 'a', 'sullen', ',', 'dull', 'and', 'quiet', 'guy', ',', 'he', 'add', 'nothing', 'to', 'national', 'security', 'except', ',', '""', 'gee', ',', 'let', '’s', 'go', 'to', 'war', '.', '""', 'also', ',', 'illegally', 'release', 'much', 'classified', 'information', '.', 'a', 'real', 'dope', '!']",True
253,614,1.328093294782509e+18,We won’t let a RIGGED ELECTION steal our Country! https://t.co/r0H4ZcDkHv,False,False,270740,62410,2020-11-15,We won’t let a RIGGED ELECTION steal our Country!,"['we', 'will', 'not', 'let', 'a', 'rigged', 'election', 'steal', 'our', 'country', '!']",True
255,629,1.3281009455705006e+18,"Many of the court cases being filed all over the Country are not ours, but rather those of people that have seen horrible abuses. Our big cases showing the unconstitutionality of the 2020 Election, & the outrage of things that were done to change the outcome, will soon be filed!",False,False,343592,72974,2020-11-15,"Many of the court cases being filed all over the Country are not ours, but rather those of people that have seen horrible abuses. Our big cases showing the unconstitutionality of the 2020 Election, & the outrage of things that were done to change the outcome, will soon be filed!","['many', 'of', 'the', 'court', 'case', 'be', 'file', 'all', 'over', 'the', 'country', 'be', 'not', 'ours', ',', 'but', 'rather', 'those', 'of', 'people', 'that', 'have', 'see', 'horrible', 'abuse', '.', 'our', 'big', 'case', 'show', 'the', 'unconstitutionality', 'of', 'the', '2020', 'election', ',', '&', 'the', 'outrage', 'of', 'thing', 'that', 'be', 'do', 'to', 'change', 'the', 'outcome', ',', 'will', 'soon', 'be', 'file', '!']",True
266,668,1.3353516298102866e+18,"Between Governor @DougDucey of Arizona and Governor @BrianKempGA of Georgia, the Democrat Party could not be happier. They fight harder against us than do the Radical Left Dems. If they were with us, we would have already won both Arizona and Georgia...",False,False,161551,35679,2020-12-05,"Between Governor of Arizona and Governor of Georgia, the Democrat Party could not be happier. They fight harder against us than do the Radical Left Dems. If they were with us, we would have already won both Arizona and Georgia...","['between', 'governor', 'of', 'arizona', 'and', 'governor', 'of', 'georgia', ',', 'the', 'democrat', 'party', 'could', 'not', 'be', 'happy', '.', 'they', 'fight', 'hard', 'against', 'we', 'than', 'do', 'the', 'radical', 'left', 'dems', '.', 'if', 'they', 'be', 'with', 'we', ',', 'we', 'would', 'have', 'already', 'win', 'both', 'arizona', 'and', 'georgia', '...']",True
269,680,1.3354137701395497e+18,"The answer to the Democrat voter fraud is not to stay at home - that’s what Pelosi and Schumer want you to do. If you want revenge on the Democrats for their efforts to steal the Presidential election, where we are fighting hard, you have to show up and vote in RECORD numbers! https://t.co/XAJ0F2JmeL",False,False,166748,41785,2020-12-06,"The answer to the Democrat voter fraud is not to stay at home - that’s what Pelosi and Schumer want you to do. If you want revenge on the Democrats for their efforts to steal the Presidential election, where we are fighting hard, you have to show up and vote in RECORD numbers!","['the', 'answer', 'to', 'the', 'democrat', 'voter', 'fraud', 'be', 'not', 'to', 'stay', 'at', 'home', '-', 'that', '’', 'what', 'pelosi', 'and', 'schumer', 'want', 'you', 'to', 'do', '.', 'if', 'you', 'want', 'revenge', 'on', 'the', 'democrats', 'for', 'their', 'effort', 'to', 'steal', 'the', 'presidential', 'election', ',', 'where', 'we', 'be', 'fight', 'hard', ',', 'you', 'have', 'to', 'show', 'up', 'and', 'vote', 'in', 'record', 'number', '!']",True
276,762,1.3283614514976645e+18,"The Radical Left Democrats, working with their partner, the Fake News Media, are trying to STEAL this Election. We won’t let them!",False,False,344327,62658,2020-11-16,"The Radical Left Democrats, working with their partner, the Fake News Media, are trying to STEAL this Election. We won’t let them!","['the', 'radical', 'left', 'democrats', ',', 'work', 'with', 'their', 'partner', ',', 'the', 'fake', 'news', 'media', ',', 'be', 'try', 'to', 'steal', 'this', 'election', '.', 'we', 'will', 'not', 'let', 'they', '!']",True
284,782,1.336114633485267e+18,Mail-In rejection rate was minuscule compared to what it used to be. Ken Starr  Meaning that massive numbers of bad votes were pouring in!,False,False,167334,33975,2020-12-08,Mail-In rejection rate was minuscule compared to what it used to be. Ken Starr Meaning that massive numbers of bad votes were pouring in!,"['mail', '-', 'in', 'rejection', 'rate', 'be', 'minuscule', 'compare', 'to', 'what', 'it', 'use', 'to', 'be', '.', 'ken', 'starr', 'meaning', 'that', 'massive', 'number', 'of', 'bad', 'vote', 'be', 'pour', 'in', '!']",True
296,825,1.3364053372855173e+18,The got caught because we were leading by so much more than they ever thought possible. Late night ballot “dumps” went crazy! https://t.co/gPpVWUUs91,False,False,14491,4562,2020-12-08,The got caught because we were leading by so much more than they ever thought possible. Late night ballot “dumps” went crazy!,"['the', 'get', 'catch', 'because', 'we', 'be', 'lead', 'by', 'so', 'much', 'more', 'than', 'they', 'ever', 'think', 'possible', '.', 'late', 'night', 'ballot', '""', 'dump', '""', 'go', 'crazy', '!']",True
297,831,1.336407510069162e+18,They got caught because we were leading by so much more than they ever thought possible. Late night ballot “dumps” went crazy! https://t.co/gPpVWUUs91,False,False,147954,38027,2020-12-08,They got caught because we were leading by so much more than they ever thought possible. Late night ballot “dumps” went crazy!,"['they', 'get', 'catch', 'because', 'we', 'be', 'lead', 'by', 'so', 'much', 'more', 'than', 'they', 'ever', 'think', 'possible', '.', 'late', 'night', 'ballot', '""', 'dump', '""', 'go', 'crazy', '!']",True
309,888,1.337040387349893e+18,The Supreme Court has a chance to save our Country from the greatest Election abuse in the history of the United States. 78% of the people feel (know!) the Election was RIGGED.,False,False,209213,46234,2020-12-10,The Supreme Court has a chance to save our Country from the greatest Election abuse in the history of the United States. 78% of the people feel (know!) the Election was RIGGED.,"['the', 'supreme', 'court', 'have', 'a', 'chance', 'to', 'save', 'our', 'country', 'from', 'the', 'great', 'election', 'abuse', 'in', 'the', 'history', 'of', 'the', 'united', 'states', '.', '78', '%', 'of', 'the', 'people', 'feel', '(', 'know', '!', ')', 'the', 'election', 'be', 'rigged', '.']",True
312,892,1.3370422017386127e+18,"“Donald Trump won by a landslide, and they stole it from him!” @seanhannity",False,False,201530,35160,2020-12-10,"“Donald Trump won by a landslide, and they stole it from him!”","['""', 'donald', 'trump', 'win', 'by', 'a', 'landslide', ',', 'and', 'they', 'steal', 'it', 'from', 'he', '!', '""']",True
313,894,1.3370427149243802e+18,"....The fact that our Country is being stolen. A coup is taking place in front of our eyes, and the public can’t take this anymore.” A Trump fan at Georgia Rally on @OANN  Bad!",False,False,113176,21551,2020-12-10,"....The fact that our Country is being stolen. A coup is taking place in front of our eyes, and the public can’t take this anymore.” A Trump fan at Georgia Rally on Bad!","['....', 'the', 'fact', 'that', 'our', 'country', 'be', 'be', 'steal', '.', 'a', 'coup', 'be', 'take', 'place', 'in', 'front', 'of', 'our', 'eye', ',', 'and', 'the', 'public', 'can', 'not', 'take', 'this', 'anymore', '.', '""', 'a', 'trump', 'fan', 'at', 'georgia', 'rally', 'on', 'bad', '!']",True
330,956,1.3376293069195387e+18,"....that, after careful study and consideration, think you got “screwed”, something which will hurt them also. Many others likewise join the suit but, within a flash, it is thrown out and gone, without even looking at the many reasons it was brought. A Rigged Election, fight on!",False,False,166792,29390,2020-12-12,"....that, after careful study and consideration, think you got “screwed”, something which will hurt them also. Many others likewise join the suit but, within a flash, it is thrown out and gone, without even looking at the many reasons it was brought. A Rigged Election, fight on!","['....', 'that', ',', 'after', 'careful', 'study', 'and', 'consideration', ',', 'think', 'you', 'get', '""', 'screw', '""', ',', 'something', 'which', 'will', 'hurt', 'they', 'also', '.', 'many', 'other', 'likewise', 'join', 'the', 'suit', 'but', ',', 'within', 'a', 'flash', ',', 'it', 'be', 'throw', 'out', 'and', 'go', ',', 'without', 'even', 'look', 'at', 'the', 'many', 'reason', 'it', 'be', 'bring', '.', 'a', 'rigged', 'election', ',', 'fight', 'on', '!']",True
335,968,1.3377452685912596e+18,"I WON THE ELECTION IN A LANDSLIDE, but remember, I only think in terms of legal votes, not all of the fake voters and fraud that miraculously floated in from everywhere! What a disgrace!",False,False,349044,66657,2020-12-12,"I WON THE ELECTION IN A LANDSLIDE, but remember, I only think in terms of legal votes, not all of the fake voters and fraud that miraculously floated in from everywhere! What a disgrace!","['i', 'won', 'the', 'election', 'in', 'a', 'landslide', ',', 'but', 'remember', ',', 'i', 'only', 'think', 'in', 'term', 'of', 'legal', 'vote', ',', 'not', 'all', 'of', 'the', 'fake', 'voter', 'and', 'fraud', 'that', 'miraculously', 'float', 'in', 'from', 'everywhere', '!', 'what', 'a', 'disgrace', '!']",True
336,971,1.3377490207065498e+18,"Who is a worse governor, @BrianKempGA of Georgia or @dougducey of Arizona??? These are two RINO Republicans who fought against me and the Republican Party harder than any Democrat. They allowed states that I won easily to be stolen. Never forget, vote them out of office!",False,False,170521,38125,2020-12-12,"Who is a worse governor, of Georgia or of Arizona??? These are two RINO Republicans who fought against me and the Republican Party harder than any Democrat. They allowed states that I won easily to be stolen. Never forget, vote them out of office!","['who', 'be', 'a', 'bad', 'governor', ',', 'of', 'georgia', 'or', 'of', 'arizona', '?', '?', '?', 'these', 'be', 'two', 'rino', 'republicans', 'who', 'fight', 'against', 'i', 'and', 'the', 'republican', 'party', 'hard', 'than', 'any', 'democrat', '.', 'they', 'allow', 'state', 'that', 'i', 'win', 'easily', 'to', 'be', 'steal', '.', 'never', 'forget', ',', 'vote', 'they', 'out', 'of', 'office', '!']",True
337,973,1.329602736053252e+18,"Look at this in Michigan! A day AFTER the election, Biden receives a dump of 134,886 votes at 6:31AM! https://t.co/CTDaWTNs29 https://t.co/nSmc2olraF",False,False,221074,68002,2020-11-20,"Look at this in Michigan! A day AFTER the election, Biden receives a dump of 134,886 votes at 6:31AM!","['look', 'at', 'this', 'in', 'michigan', '!', 'a', 'day', 'after', 'the', 'election', ',', 'biden', 'receive', 'a', 'dump', 'of', '134,886', 'vote', 'at', '6:31am', '!']",True
341,985,1.337774011376341e+18,"Wow! Thousands of people forming in Washington (D.C.) for Stop the Steal. Didn’t know about this, but I’ll be seeing them! #MAGA",False,False,358667,62252,2020-12-12,"Wow! Thousands of people forming in Washington (D.C.) for Stop the Steal. Didn’t know about this, but I’ll be seeing them! MAGA","['wow', '!', 'thousand', 'of', 'people', 'form', 'in', 'washington', '(', 'd.c.', ')', 'for', 'stop', 'the', 'steal', '.', 'do', 'not', 'know', 'about', 'this', ',', 'but', 'i', '’ll', 'be', 'see', 'they', '!', 'maga']",True
348,1005,1.3382461633680466e+18,"The RINOS that run the state voting apparatus have caused us this problem of allowing the Democrats to so blatantly cheat in their attempt to steal the election, which we won overwhelmingly. How dare they allow this massive and ridiculous Mail-In Voting to occur...",False,False,171587,35988,2020-12-13,"The RINOS that run the state voting apparatus have caused us this problem of allowing the Democrats to so blatantly cheat in their attempt to steal the election, which we won overwhelmingly. How dare they allow this massive and ridiculous Mail-In Voting to occur...","['the', 'rinos', 'that', 'run', 'the', 'state', 'voting', 'apparatus', 'have', 'cause', 'we', 'this', 'problem', 'of', 'allow', 'the', 'democrats', 'to', 'so', 'blatantly', 'cheat', 'in', 'their', 'attempt', 'to', 'steal', 'the', 'election', ',', 'which', 'we', 'win', 'overwhelmingly', '.', 'how', 'dare', 'they', 'allow', 'this', 'massive', 'and', 'ridiculous', 'mail', '-', 'in', 'voting', 'to', 'occur', '...']",True
355,1032,1.3384832000463544e+18,"“Why did the Swing States stop counting in the middle of the night?” @MariaBartiromo Because they waited to find out how many ballots they had to produce in order to steal the Rigged Election. They were so far behind that they needed time, & a fake “water main break”, to recover!",False,False,269237,62408,2020-12-14,"“Why did the Swing States stop counting in the middle of the night?” Because they waited to find out how many ballots they had to produce in order to steal the Rigged Election. They were so far behind that they needed time, & a fake “water main break”, to recover!","['""', 'why', 'do', 'the', 'swing', 'state', 'stop', 'count', 'in', 'the', 'middle', 'of', 'the', 'night', '?', '""', 'because', 'they', 'wait', 'to', 'find', 'out', 'how', 'many', 'ballot', 'they', 'have', 'to', 'produce', 'in', 'order', 'to', 'steal', 'the', 'rigged', 'election', '.', 'they', 'be', 'so', 'far', 'behind', 'that', 'they', 'need', 'time', ',', '&', 'a', 'fake', '""', 'water', 'main', 'break', '""', ',', 'to', 'recover', '!']",True
357,1044,1.338715842931024e+18,"This is BIG NEWS. Dominion Voting Machines are a disaster all over the Country. Changed the results of a landslide election. Can’t let this happen. Thank you for the genius, bravery, and patriotism of the Judge. Should get a medal! https://t.co/4WwiA83Prg",False,False,212020,54672,2020-12-15,"This is BIG NEWS. Dominion Voting Machines are a disaster all over the Country. Changed the results of a landslide election. Can’t let this happen. Thank you for the genius, bravery, and patriotism of the Judge. Should get a medal!","['this', 'be', 'big', 'news', '.', 'dominion', 'voting', 'machines', 'be', 'a', 'disaster', 'all', 'over', 'the', 'country', '.', 'change', 'the', 'result', 'of', 'a', 'landslide', 'election', '.', 'can', 'not', 'let', 'this', 'happen', '.', 'thank', 'you', 'for', 'the', 'genius', ',', 'bravery', ',', 'and', 'patriotism', 'of', 'the', 'judge', '.', 'should', 'get', 'a', 'medal', '!']",True
360,1054,1.3388718623156677e+18,Tremendous evidence pouring in on voter fraud. There has never been anything like this in our Country!,False,False,412404,81186,2020-12-15,Tremendous evidence pouring in on voter fraud. There has never been anything like this in our Country!,"['tremendous', 'evidence', 'pour', 'in', 'on', 'voter', 'fraud', '.', 'there', 'have', 'never', 'be', 'anything', 'like', 'this', 'in', 'our', 'country', '!']",True
361,1056,1.338876692073427e+18,Mo Brooks: ‘Trump Won the Electoral College‘ --- I Can Be a Part of the ‘Surrender Caucus‘ or I Can Fight for Our Country https://t.co/8BcvdpY3Qf via @BreitbartNews,False,False,180977,43655,2020-12-15,Mo Brooks: ‘Trump Won the Electoral College‘ --- I Can Be a Part of the ‘Surrender Caucus‘ or I Can Fight for Our Country via,"['mo', 'brooks', ':', ""'"", 'trump', 'won', 'the', 'electoral', 'college', ""'"", '---', 'i', 'can', 'be', 'a', 'part', 'of', 'the', ""'"", 'surrender', 'caucus', ""'"", 'or', 'i', 'can', 'fight', 'for', 'our', 'country', 'via']",True
364,1067,1.339083004216533e+18,"Trump's allies slam Mitch McConnell for congratulating Biden https://t.co/ak9nu6420L via @MailOnline. Mitch, 75,000,000 VOTES, a record for a sitting President (by a lot). Too soon to give up. Republican Party must finally learn to fight. People are angry!",False,False,154889,36751,2020-12-16,"Trump's allies slam Mitch McConnell for congratulating Biden via . Mitch, 75,000,000 VOTES, a record for a sitting President (by a lot). Too soon to give up. Republican Party must finally learn to fight. People are angry!","['trump', ""'s"", 'ally', 'slam', 'mitch', 'mcconnell', 'for', 'congratulate', 'biden', 'via', '.', 'mitch', ',', '75,000,000', 'vote', ',', 'a', 'record', 'for', 'a', 'sit', 'president', '(', 'by', 'a', 'lot', ')', '.', 'too', 'soon', 'to', 'give', 'up', '.', 'republican', 'party', 'must', 'finally', 'learn', 'to', 'fight', '.', 'people', 'be', 'angry', '!']",True
374,1106,1.339709639584338e+18,Democrats would never put up with a Presidential Election stolen by the Republicans!,False,False,353935,61718,2020-12-17,Democrats would never put up with a Presidential Election stolen by the Republicans!,"['democrats', 'would', 'never', 'put', 'up', 'with', 'a', 'presidential', 'election', 'steal', 'by', 'the', 'republicans', '!']",True
375,1107,1.3397489403805778e+18,"That’s because he is a great champion and man of courage. More Republican Senators should follow his lead. We had a landslide victory, and then it was swindled away from the Republican Party - but we caught them. Do something! https://t.co/nZU0czsZgB",False,False,144493,34751,2020-12-18,"That’s because he is a great chion and man of courage. More Republican Senators should follow his lead. We had a landslide victory, and then it was swindled away from the Republican Party - but we caught them. Do something!","['that', '’', 'because', 'he', 'be', 'a', 'great', 'chion', 'and', 'man', 'of', 'courage', '.', 'more', 'republican', 'senators', 'should', 'follow', 'his', 'lead', '.', 'we', 'have', 'a', 'landslide', 'victory', ',', 'and', 'then', 'it', 'be', 'swindle', 'away', 'from', 'the', 'republican', 'party', '-', 'but', 'we', 'catch', 'they', '.', 'do', 'something', '!']",True
380,1115,1.3234252082550866e+18,"For 47 years, Joe Biden viciously attacked Black Americans. He called young black men “super predators.” To every black American: I am asking for your vote. This is your one and only chance to show Sleepy Joe what you think of his decision to attack you, jail you, and betray you!",False,False,184143,38615,2020-11-03,"For 47 years, Joe Biden viciously attacked Black Americans. He called young black men “super predators.” To every black American: I am asking for your vote. This is your one and only chance to show Sleepy Joe what you think of his decision to attack you, jail you, and betray you!","['for', '47', 'year', ',', 'joe', 'biden', 'viciously', 'attack', 'black', 'americans', '.', 'he', 'call', 'young', 'black', 'man', '""', 'super', 'predator', '.', '""', 'to', 'every', 'black', 'american', ':', 'i', 'be', 'ask', 'for', 'your', 'vote', '.', 'this', 'be', 'your', 'one', 'and', 'only', 'chance', 'to', 'show', 'sleepy', 'joe', 'what', 'you', 'think', 'of', 'his', 'decision', 'to', 'attack', 'you', ',', 'jail', 'you', ',', 'and', 'betray', 'you', '!']",True
382,1117,1.3397684430427382e+18,"New Peter Strzok Texts Undermine Official Narrative on Start of ‘Russia Collusion‘ Investigation https://t.co/kwmNTZbsYD via @BreitbartNews. Check out last in his class John McCain, one of the most overrated people in D.C.",False,False,92780,26363,2020-12-18,"New Peter Strzok Texts Undermine Official Narrative on Start of ‘Russia Collusion‘ Investigation via . Check out last in his class John McCain, one of the most overrated people in D.C.","['new', 'peter', 'strzok', 'texts', 'undermine', 'official', 'narrative', 'on', 'start', 'of', ""'"", 'russia', 'collusion', ""'"", 'investigation', 'via', '.', 'check', 'out', 'last', 'in', 'his', 'class', 'john', 'mccain', ',', 'one', 'of', 'the', 'most', 'overrated', 'people', 'in', 'd.c.']",True
384,1120,1.323430341512622e+18,The Supreme Court decision on voting in Pennsylvania is a VERY dangerous one. It will allow rampant and unchecked cheating and will undermine our entire systems of laws. It will also induce violence in the streets. Something must be done!,False,False,0,0,2020-11-03,The Supreme Court decision on voting in Pennsylvania is a VERY dangerous one. It will allow rant and unchecked cheating and will undermine our entire systems of laws. It will also induce violence in the streets. Something must be done!,"['the', 'supreme', 'court', 'decision', 'on', 'voting', 'in', 'pennsylvania', 'be', 'a', 'very', 'dangerous', 'one', '.', 'it', 'will', 'allow', 'rant', 'and', 'unchecked', 'cheating', 'and', 'will', 'undermine', 'our', 'entire', 'system', 'of', 'law', '.', 'it', 'will', 'also', 'induce', 'violence', 'in', 'the', 'street', '.', 'something', 'must', 'be', 'do', '!']",True
391,1132,1.3234813490308792e+18,"Our prayers are with the people of Vienna after yet another vile act of terrorism in Europe. These evil attacks against innocent people must stop. The U.S. stands with Austria, France, and all of Europe in the fight against terrorists, including radical Islamic terrorists.",False,False,236684,39564,2020-11-03,"Our prayers are with the people of Vienna after yet another vile act of terrorism in Europe. These evil attacks against innocent people must stop. The U.S. stands with Austria, France, and all of Europe in the fight against terrorists, including radical Islamic terrorists.","['our', 'prayer', 'be', 'with', 'the', 'people', 'of', 'vienna', 'after', 'yet', 'another', 'vile', 'act', 'of', 'terrorism', 'in', 'europe', '.', 'these', 'evil', 'attack', 'against', 'innocent', 'people', 'must', 'stop', '.', 'the', 'u.s.', 'stand', 'with', 'austria', ',', 'france', ',', 'and', 'all', 'of', 'europe', 'in', 'the', 'fight', 'against', 'terrorist', ',', 'include', 'radical', 'islamic', 'terrorist', '.']",True
393,1134,1.339937091707351e+18,".@senatemajldr and Republican Senators have to get tougher, or you won’t have a Republican Party anymore. We won the Presidential Election, by a lot. FIGHT FOR IT. Don’t let them take it away!",False,False,212444,54898,2020-12-18,". and Republican Senators have to get tougher, or you won’t have a Republican Party anymore. We won the Presidential Election, by a lot. FIGHT FOR IT. Don’t let them take it away!","['.', 'and', 'republican', 'senators', 'have', 'to', 'get', 'tough', ',', 'or', 'you', 'will', 'not', 'have', 'a', 'republican', 'party', 'anymore', '.', 'we', 'win', 'the', 'presidential', 'election', ',', 'by', 'a', 'lot', '.', 'fight', 'for', 'it', '.', 'do', 'not', 'let', 'they', 'take', 'it', 'away', '!']",True
400,1202,1.3403061540318577e+18,"He didn’t win the Election. He lost all 6 Swing States, by a lot. They then dumped hundreds of thousands of votes in each one, and got caught. Now Republican politicians have to fight so that their great victory is not stolen. Don’t be weak fools! https://t.co/d9Bgu8XPIj",False,False,225840,64973,2020-12-19,"He didn’t win the Election. He lost all 6 Swing States, by a lot. They then dumped hundreds of thousands of votes in each one, and got caught. Now Republican politicians have to fight so that their great victory is not stolen. Don’t be weak fools!","['he', 'do', 'not', 'win', 'the', 'election', '.', 'he', 'lose', 'all', '6', 'swing', 'states', ',', 'by', 'a', 'lot', '.', 'they', 'then', 'dump', 'hundred', 'of', 'thousand', 'of', 'vote', 'in', 'each', 'one', ',', 'and', 'get', 'catch', '.', 'now', 'republican', 'politician', 'have', 'to', 'fight', 'so', 'that', 'their', 'great', 'victory', 'be', 'not', 'steal', '.', 'do', 'not', 'be', 'weak', 'fool', '!']",True
403,1208,1.3238637878254387e+18,"We are up BIG, but they are trying to STEAL the Election. We will never let them do it. Votes cannot be cast after the Poles are closed!",False,False,37660,9797,2020-11-04,"We are up BIG, but they are trying to STEAL the Election. We will never let them do it. Votes cannot be cast after the Poles are closed!","['we', 'be', 'up', 'big', ',', 'but', 'they', 'be', 'try', 'to', 'steal', 'the', 'election', '.', 'we', 'will', 'never', 'let', 'they', 'do', 'it', '.', 'vote', 'can', 'not', 'be', 'cast', 'after', 'the', 'poles', 'be', 'close', '!']",True
405,1213,1.323864823680127e+18,"We are up BIG, but they are trying to STEAL the Election. We will never let them do it. Votes cannot be cast after the Polls are closed!",False,False,0,0,2020-11-04,"We are up BIG, but they are trying to STEAL the Election. We will never let them do it. Votes cannot be cast after the Polls are closed!","['we', 'be', 'up', 'big', ',', 'but', 'they', 'be', 'try', 'to', 'steal', 'the', 'election', '.', 'we', 'will', 'never', 'let', 'they', 'do', 'it', '.', 'vote', 'can', 'not', 'be', 'cast', 'after', 'the', 'poll', 'be', 'closed', '!']",True
406,1215,1.342209260026024e+18,"At a meeting in Florida today, everyone was asking why aren’t the Republicans up in arms & fighting over the fact that the Democrats stole the rigged presidential election? Especially in the Senate, they said, where you helped 8 Senators win their races. How quickly they forget!",False,False,212920,50004,2020-12-24,"At a meeting in Florida today, everyone was asking why aren’t the Republicans up in arms & fighting over the fact that the Democrats stole the rigged presidential election? Especially in the Senate, they said, where you helped 8 Senators win their races. How quickly they forget!","['at', 'a', 'meeting', 'in', 'florida', 'today', ',', 'everyone', 'be', 'ask', 'why', 'be', 'not', 'the', 'republicans', 'up', 'in', 'arm', '&', 'fighting', 'over', 'the', 'fact', 'that', 'the', 'democrats', 'steal', 'the', 'rig', 'presidential', 'election', '?', 'especially', 'in', 'the', 'senate', ',', 'they', 'say', ',', 'where', 'you', 'help', '8', 'senator', 'win', 'their', 'race', '.', 'how', 'quickly', 'they', 'forget', '!']",True
409,1218,1.3240044916126188e+18,"Last night I was leading, often solidly, in many key States, in almost all instances Democrat run & controlled. Then, one by one, they started to magically disappear as surprise ballot dumps were counted. VERY STRANGE, and the “pollsters” got it completely & historically wrong!",False,False,0,0,2020-11-04,"Last night I was leading, often solidly, in many key States, in almost all instances Democrat run & controlled. Then, one by one, they started to magically disappear as surprise ballot dumps were counted. VERY STRANGE, and the “pollsters” got it completely & historically wrong!","['last', 'night', 'i', 'be', 'lead', ',', 'often', 'solidly', ',', 'in', 'many', 'key', 'states', ',', 'in', 'almost', 'all', 'instance', 'democrat', 'run', '&', 'control', '.', 'then', ',', 'one', 'by', 'one', ',', 'they', 'start', 'to', 'magically', 'disappear', 'as', 'surprise', 'ballot', 'dump', 'be', 'count', '.', 'very', 'strange', ',', 'and', 'the', '""', 'pollster', '""', 'get', 'it', 'completely', '&', 'historically', 'wrong', '!']",True
411,1221,1.3240078066940232e+18,How come every time they count Mail-In ballot dumps they are so devastating in their percentage and power of destruction?,False,False,553322,87746,2020-11-04,How come every time they count Mail-In ballot dumps they are so devastating in their percentage and power of destruction?,"['how', 'come', 'every', 'time', 'they', 'count', 'mail', '-', 'in', 'ballot', 'dump', 'they', 'be', 'so', 'devastating', 'in', 'their', 'percentage', 'and', 'power', 'of', 'destruction', '?']",True
412,1223,1.342245390540804e+18,"I saved at least 8 Republican Senators, including Mitch, from losing in the last Rigged (for President) Election. Now they (almost all) sit back and watch me fight against a crooked and vicious foe, the Radical Left Democrats. I will NEVER FORGET!",False,False,336363,77029,2020-12-24,"I saved at least 8 Republican Senators, including Mitch, from losing in the last Rigged (for President) Election. Now they (almost all) sit back and watch me fight against a crooked and vicious foe, the Radical Left Democrats. I will NEVER FORGET!","['i', 'save', 'at', 'least', '8', 'republican', 'senators', ',', 'include', 'mitch', ',', 'from', 'lose', 'in', 'the', 'last', 'rigged', '(', 'for', 'president', ')', 'election', '.', 'now', 'they', '(', 'almost', 'all', ')', 'sit', 'back', 'and', 'watch', 'i', 'fight', 'against', 'a', 'crooked', 'and', 'vicious', 'foe', ',', 'the', 'radical', 'left', 'democrats', '.', 'i', 'will', 'never', 'forget', '!']",True
420,1237,1.3241082068015636e+18,.....there was a large number of secretly dumped ballots as has been widely reported!,False,False,0,0,2020-11-04,.....there was a large number of secretly dumped ballots as has been widely reported!,"['.....', 'there', 'be', 'a', 'large', 'number', 'of', 'secretly', 'dump', 'ballot', 'as', 'have', 'be', 'widely', 'report', '!']",True
431,1256,1.3428174969240863e+18,"If a Democrat Presidential Candidate had an Election Rigged & Stolen, with proof of such acts at a level never seen before, the Democrat Senators would consider it an act of war, and fight to the death. Mitch & the Republicans do NOTHING, just want to let it pass. NO FIGHT!",False,False,243192,62140,2020-12-26,"If a Democrat Presidential Candidate had an Election Rigged & Stolen, with proof of such acts at a level never seen before, the Democrat Senators would consider it an act of war, and fight to the death. Mitch & the Republicans do NOTHING, just want to let it pass. NO FIGHT!","['if', 'a', 'democrat', 'presidential', 'candidate', 'have', 'an', 'election', 'rigged', '&', 'stolen', ',', 'with', 'proof', 'of', 'such', 'act', 'at', 'a', 'level', 'never', 'see', 'before', ',', 'the', 'democrat', 'senators', 'would', 'consider', 'it', 'an', 'act', 'of', 'war', ',', 'and', 'fight', 'to', 'the', 'death', '.', 'mitch', '&', 'the', 'republicans', 'do', 'nothing', ',', 'just', 'want', 'to', 'let', 'it', 'pass', '.', 'no', 'fight', '!']",True
437,1263,1.3428260197456404e+18,"Where the hell is the Durham Report? They spied on my campaign, colluded with Russia (and others), and got caught. Read the Horowitz Reports about Comey & McCabe. Even the Fake News @nytimes said “bad”. They tried it all, and failed, so now they are trying to steal the election!",False,False,225539,60922,2020-12-26,"Where the hell is the Durham Report? They spied on my caign, colluded with Russia (and others), and got caught. Read the Horowitz Reports about Comey & McCabe. Even the Fake News said “bad”. They tried it all, and failed, so now they are trying to steal the election!","['where', 'the', 'hell', 'be', 'the', 'durham', 'report', '?', 'they', 'spy', 'on', 'my', 'caign', ',', 'collude', 'with', 'russia', '(', 'and', 'other', ')', ',', 'and', 'get', 'catch', '.', 'read', 'the', 'horowitz', 'reports', 'about', 'comey', '&', 'mccabe', '.', 'even', 'the', 'fake', 'news', 'say', '""', 'bad', '""', '.', 'they', 'try', 'it', 'all', ',', 'and', 'fail', ',', 'so', 'now', 'they', 'be', 'try', 'to', 'steal', 'the', 'election', '!']",True
447,1282,1.343066231222448e+18,"Michigan AG Dana Nessel Pursues Sanctions Against Lawyers Questioning Election https://t.co/Hb5xckedoN via @BreitbartNews  These lawyers are true patriots who are fighting for the truth and, obviously, getting very close. AG should be sanctioned. Fight on!",False,False,133843,39085,2020-12-27,"Michigan AG Dana Nessel Pursues Sanctions Against Lawyers Questioning Election via These lawyers are true patriots who are fighting for the truth and, obviously, getting very close. AG should be sanctioned. Fight on!","['michigan', 'ag', 'dana', 'nessel', 'pursues', 'sanctions', 'against', 'lawyers', 'questioning', 'election', 'via', 'these', 'lawyer', 'be', 'true', 'patriot', 'who', 'be', 'fight', 'for', 'the', 'truth', 'and', ',', 'obviously', ',', 'get', 'very', 'close', '.', 'ag', 'should', 'be', 'sanction', '.', 'fight', 'on', '!']",True
455,1299,1.3411384090925097e+18,...Republicans in Wisconsin should take these 3 strong decisions to their State Legislators and overturn this ridiculous State Election. We won in a LANDSLIDE!,False,False,163161,34920,2020-12-21,...Republicans in Wisconsin should take these 3 strong decisions to their State Legislators and overturn this ridiculous State Election. We won in a LANDSLIDE!,"['...', 'republicans', 'in', 'wisconsin', 'should', 'take', 'these', '3', 'strong', 'decision', 'to', 'their', 'state', 'legislators', 'and', 'overturn', 'this', 'ridiculous', 'state', 'election', '.', 'we', 'win', 'in', 'a', 'landslide', '!']",True
459,1304,1.3429743708226929e+18,"Time for Republican Senators to step up and fight for the Presidency, like the Democrats would do if they had actually won. The proof is irrefutable! Massive late night mail-in ballot drops in swing states, stuffing the ballot boxes (on video), double voters, dead voters,",False,False,301486,78897,2020-12-26,"Time for Republican Senators to step up and fight for the Presidency, like the Democrats would do if they had actually won. The proof is irrefutable! Massive late night mail-in ballot drops in swing states, stuffing the ballot boxes (on video), double voters, dead voters,","['time', 'for', 'republican', 'senators', 'to', 'step', 'up', 'and', 'fight', 'for', 'the', 'presidency', ',', 'like', 'the', 'democrats', 'would', 'do', 'if', 'they', 'have', 'actually', 'win', '.', 'the', 'proof', 'be', 'irrefutable', '!', 'massive', 'late', 'night', 'mail', '-', 'in', 'ballot', 'drop', 'in', 'swing', 'state', ',', 'stuff', 'the', 'ballot', 'box', '(', 'on', 'video', ')', ',', 'double', 'voter', ',', 'dead', 'voter', ',']",True
480,1330,1.3254423453960397e+18,"....Where it mattered, they stole what they had to steal. @newtgingrich",False,False,301212,48130,2020-11-08,"....Where it mattered, they stole what they had to steal.","['....', 'where', 'it', 'matter', ',', 'they', 'steal', 'what', 'they', 'have', 'to', 'steal', '.']",True
481,1331,1.325442336957018e+18,"“We believe these people are thieves. The big city machines are corrupt. This was a stolen election. Best pollster in Britain wrote this morning that this clearly was a stolen election, that it’s impossible to imagine that Biden outran Obama in some of these states.",False,False,516040,101484,2020-11-08,"“We believe these people are thieves. The big city machines are corrupt. This was a stolen election. Best pollster in Britain wrote this morning that this clearly was a stolen election, that it’s impossible to imagine that Biden outran Obama in some of these states.","['""', 'we', 'believe', 'these', 'people', 'be', 'thief', '.', 'the', 'big', 'city', 'machine', 'be', 'corrupt', '.', 'this', 'be', 'a', 'steal', 'election', '.', 'good', 'pollster', 'in', 'britain', 'write', 'this', 'morning', 'that', 'this', 'clearly', 'be', 'a', 'steal', 'election', ',', 'that', 'it', '’', 'impossible', 'to', 'imagine', 'that', 'biden', 'outrun', 'obama', 'in', 'some', 'of', 'these', 'state', '.']",True
488,1345,1.3439196530689434e+18,"....Can you imagine if the Republicans stole a Presidential Election from the Democrats - All hell would break out. Republican leadership only wants the path of least resistance. Our leaders (not me, of course!) are pathetic. They only know how to lose! P.S. I got MANY Senators..",False,False,146133,31466,2020-12-29,"....Can you imagine if the Republicans stole a Presidential Election from the Democrats - All hell would break out. Republican leadership only wants the path of least resistance. Our leaders (not me, of course!) are pathetic. They only know how to lose! P.S. I got MANY Senators..","['....', 'can', 'you', 'imagine', 'if', 'the', 'republicans', 'steal', 'a', 'presidential', 'election', 'from', 'the', 'democrats', '-', 'all', 'hell', 'would', 'break', 'out', '.', 'republican', 'leadership', 'only', 'want', 'the', 'path', 'of', 'least', 'resistance', '.', 'our', 'leader', '(', 'not', 'i', ',', 'of', 'course', '!', ')', 'be', 'pathetic', '.', 'they', 'only', 'know', 'how', 'to', 'lose', '!', 'p.s.', 'i', 'get', 'many', 'senator', '..']",True
489,1346,1.343919652125241e+18,"...more votes than is needed by me to win Pennsylvania, not to mention hundreds of thousands of votes in other categories which increase my already big lead into a landslide. All other Swing States show likewise. WE NEED NEW & ENERGETIC REPUBLICAN LEADERSHIP. This can not stand..",False,False,58898,15870,2020-12-29,"...more votes than is needed by me to win Pennsylvania, not to mention hundreds of thousands of votes in other categories which increase my already big lead into a landslide. All other Swing States show likewise. WE NEED NEW & ENERGETIC REPUBLICAN LEADERSHIP. This can not stand..","['...', 'more', 'vote', 'than', 'be', 'need', 'by', 'i', 'to', 'win', 'pennsylvania', ',', 'not', 'to', 'mention', 'hundred', 'of', 'thousand', 'of', 'vote', 'in', 'other', 'category', 'which', 'increase', 'my', 'already', 'big', 'lead', 'into', 'a', 'landslide', '.', 'all', 'other', 'swing', 'states', 'show', 'likewise', '.', 'we', 'need', 'new', '&', 'energetic', 'republican', 'leadership', '.', 'this', 'can', 'not', 'stand', '..']",True
491,1348,1.3439980760847483e+18,"Unless Republicans have a death wish, and it is also the right thing to do, they must approve the $2000 payments ASAP. $600 IS NOT ENOUGH! Also, get rid of Section 230 - Don’t let Big Tech steal our Country, and don’t let the Democrats steal the Presidential Election. Get tough! https://t.co/GMotstu7OI",False,False,190813,51680,2020-12-29,"Unless Republicans have a death wish, and it is also the right thing to do, they must approve the $2000 payments ASAP. $600 IS NOT ENOUGH! Also, get rid of Section 230 - Don’t let Big Tech steal our Country, and don’t let the Democrats steal the Presidential Election. Get tough!","['unless', 'republicans', 'have', 'a', 'death', 'wish', ',', 'and', 'it', 'be', 'also', 'the', 'right', 'thing', 'to', 'do', ',', 'they', 'must', 'approve', 'the', '$', '2000', 'payment', 'asap', '.', '$', '600', 'be', 'not', 'enough', '!', 'also', ',', 'get', 'rid', 'of', 'section', '230', '-', 'do', 'not', 'let', 'big', 'tech', 'steal', 'our', 'country', ',', 'and', 'do', 'not', 'let', 'the', 'democrats', 'steal', 'the', 'presidential', 'election', '.', 'get', 'tough', '!']",True
492,1350,1.344036020162093e+18,"Loeffler, Perdue Support Increasing Relief Payments to $2K https://t.co/xLFHNDOBIR via @BreitbartNews. Republicans must support the $2000 payments and must FIGHT the crooked presidential election. We won big!",False,False,102327,26249,2020-12-29,"Loeffler, Perdue Support Increasing Relief Payments to $2K via . Republicans must support the $2000 payments and must FIGHT the crooked presidential election. We won big!","['loeffler', ',', 'perdue', 'support', 'increase', 'relief', 'payment', 'to', '$', '2', 'k', 'via', '.', 'republican', 'must', 'support', 'the', '$', '2000', 'payment', 'and', 'must', 'fight', 'the', 'crooked', 'presidential', 'election', '.', 'we', 'win', 'big', '!']",True
523,1408,1.3454989876175094e+18,Civil War: Tucker Carlson Hits His Own Network in Epic Post-Election Monologue https://t.co/xUSQQWCa8q,False,False,92281,24596,2021-01-02,Civil War: Tucker Carlson Hits His Own Network in Epic Post-Election Monologue,"['civil', 'war', ':', 'tucker', 'carlson', 'hit', 'his', 'own', 'network', 'in', 'epic', 'post', '-', 'election', 'monologue']",True
526,1413,1.345508977031975e+18,An attempt to steal a landslide win. Can’t let it happen! https://t.co/sKn4iTjUy0,False,False,177392,44037,2021-01-02,An attempt to steal a landslide win. Can’t let it happen!,"['an', 'attempt', 'to', 'steal', 'a', 'landslide', 'win', '.', 'can', 'not', 'let', 'it', 'happen', '!']",True
537,45379,1.3294241341666875e+18,"Almost ZERO ballots rejected in Georgia this election. In years past, close to 4%. Not possible. Must have signature check on envelopes now. Very easy to do. Dems fighting because they got caught. Far more votes than needed for flip. Republicans must get tough! @BrianKempGA",False,False,217844,47813,2020-11-19,"Almost ZERO ballots rejected in Georgia this election. In years past, close to 4%. Not possible. Must have signature check on envelopes now. Very easy to do. Dems fighting because they got caught. Far more votes than needed for flip. Republicans must get tough!","['almost', 'zero', 'ballot', 'reject', 'in', 'georgia', 'this', 'election', '.', 'in', 'year', 'past', ',', 'close', 'to', '4', '%', '.', 'not', 'possible', '.', 'must', 'have', 'signature', 'check', 'on', 'envelope', 'now', '.', 'very', 'easy', 'to', 'do', '.', 'dem', 'fight', 'because', 'they', 'get', 'catch', '.', 'far', 'more', 'vote', 'than', 'need', 'for', 'flip', '.', 'republican', 'must', 'get', 'tough', '!']",True
538,45380,1.346659909492998e+18,Looks like they are setting up a big “voter dump” against the Republican candidates. Waiting to see how many votes they need?,False,False,331427,77805,2021-01-06,Looks like they are setting up a big “voter dump” against the Republican candidates. Waiting to see how many votes they need?,"['look', 'like', 'they', 'be', 'set', 'up', 'a', 'big', '""', 'voter', 'dump', '""', 'against', 'the', 'republican', 'candidate', '.', 'wait', 'to', 'see', 'how', 'many', 'vote', 'they', 'need', '?']",True
552,45434,1.3388718623156677e+18,Tremendous evidence pouring in on voter fraud. There has never been anything like this in our Country!,False,False,412404,81186,2020-12-15,Tremendous evidence pouring in on voter fraud. There has never been anything like this in our Country!,"['tremendous', 'evidence', 'pour', 'in', 'on', 'voter', 'fraud', '.', 'there', 'have', 'never', 'be', 'anything', 'like', 'this', 'in', 'our', 'country', '!']",True
561,45456,1.343919652125241e+18,"...more votes than is needed by me to win Pennsylvania, not to mention hundreds of thousands of votes in other categories which increase my already big lead into a landslide. All other Swing States show likewise. WE NEED NEW &amp; ENERGETIC REPUBLICAN LEADERSHIP. This can not stand..",False,False,58898,15870,2020-12-29,"...more votes than is needed by me to win Pennsylvania, not to mention hundreds of thousands of votes in other categories which increase my already big lead into a landslide. All other Swing States show likewise. WE NEED NEW &; ENERGETIC REPUBLICAN LEADERSHIP. This can not stand..","['...', 'more', 'vote', 'than', 'be', 'need', 'by', 'i', 'to', 'win', 'pennsylvania', ',', 'not', 'to', 'mention', 'hundred', 'of', 'thousand', 'of', 'vote', 'in', 'other', 'category', 'which', 'increase', 'my', 'already', 'big', 'lead', 'into', 'a', 'landslide', '.', 'all', 'other', 'swing', 'states', 'show', 'likewise', '.', 'we', 'need', 'new', '&', ';', 'energetic', 'republican', 'leadership', '.', 'this', 'can', 'not', 'stand', '..']",True
