,id,date,text,keyword,context,is_retweet,is_deleted,favorites,retweets,lemmas
0,1325889532840062976,2020-11-09,"Nevada is turning out to be a cesspool of Fake Votes. @mschlapp & @AdamLaxalt are finding things that, when released, will be absolutely shocking!",cesspool,Nevada is turning out to be a cesspool of Fake Votes. @mschlapp & @AdamLaxalt are finding,False,False,363489,78378,"['nevada', 'be', 'turn', 'out', 'to', 'be', 'a', 'cesspool', 'of', 'fake', 'votes', '.', '&', 'be', 'find', 'thing', 'that', ',', 'when', 'release', ',', 'will', 'be', 'absolutely', 'shocking', '!']"
1,1346469204740902912,2021-01-05,"Pleased to announce that @KLoeffler & @sendavidperdue have just joined our great #StopTheSteal group of Senators. They will fight the ridiculous Electoral College Certification of Biden. How do you certify numbers that have now proven to be wrong and, in many cases, fraudulent!",fight,our great #StopTheSteal group of Senators. They will fight the ridiculous Electoral College Certification of Biden. How,False,False,177332,42347,"['pleased', 'to', 'announce', 'that', '&', 'have', 'just', 'join', 'our', 'great', 'stopthesteal', 'group', 'of', 'senators', '.', 'they', 'will', 'fight', 'the', 'ridiculous', 'electoral', 'college', 'certification', 'of', 'biden', '.', 'how', 'do', 'you', 'certify', 'number', 'that', 'have', 'now', 'prove', 'to', 'be', 'wrong', 'and', ',', 'in', 'many', 'case', ',', 'fraudulent', '!']"
2,1346578706437963776,2021-01-05,"Washington is being inundated with people who don’t want to see an election victory stolen by emboldened Radical Left Democrats. Our Country has had enough, they won’t take it anymore! We hear you (and love you) from the Oval Office. MAKE AMERICA GREAT AGAIN!",victory,people who don’t want to see an election victory stolen by emboldened Radical Left Democrats. Our Country,False,False,328137,82574,"['washington', 'be', 'be', 'inundate', 'with', 'people', 'who', 'do', 'not', 'want', 'to', 'see', 'an', 'election', 'victory', 'steal', 'by', 'emboldened', 'radical', 'left', 'democrats', '.', 'our', 'country', 'have', 'have', 'enough', ',', 'they', 'will', 'not', 'take', 'it', 'anymore', '!', 'we', 'hear', 'you', '(', 'and', 'love', 'you', ')', 'from', 'the', 'oval', 'office', '.', 'make', 'america', 'great', 'again', '!']"
3,1346580318745206784,2021-01-05,"I hope the Democrats, and even more importantly, the weak and ineffective RINO section of the Republican Party, are looking at the thousands of people pouring into D.C. They won’t stand for a landslide election victory to be stolen. @senatemajldr @JohnCornyn @SenJohnThune",landslide,pouring into D.C. They won’t stand for a landslide election victory to be stolen. @senatemajldr @JohnCornyn @SenJohnThune,False,False,210988,55852,"['i', 'hope', 'the', 'democrats', ',', 'and', 'even', 'more', 'importantly', ',', 'the', 'weak', 'and', 'ineffective', 'rino', 'section', 'of', 'the', 'republican', 'party', ',', 'be', 'look', 'at', 'the', 'thousand', 'of', 'people', 'pour', 'into', 'd.c.', 'they', 'will', 'not', 'stand', 'for', 'a', 'landslide', 'election', 'victory', 'to', 'be', 'steal', '.']"
4,1346580318745206784,2021-01-05,"I hope the Democrats, and even more importantly, the weak and ineffective RINO section of the Republican Party, are looking at the thousands of people pouring into D.C. They won’t stand for a landslide election victory to be stolen. @senatemajldr @JohnCornyn @SenJohnThune",victory,D.C. They won’t stand for a landslide election victory to be stolen. @senatemajldr @JohnCornyn @SenJohnThune,False,False,210988,55852,"['i', 'hope', 'the', 'democrats', ',', 'and', 'even', 'more', 'importantly', ',', 'the', 'weak', 'and', 'ineffective', 'rino', 'section', 'of', 'the', 'republican', 'party', ',', 'be', 'look', 'at', 'the', 'thousand', 'of', 'people', 'pour', 'into', 'd.c.', 'they', 'will', 'not', 'stand', 'for', 'a', 'landslide', 'election', 'victory', 'to', 'be', 'steal', '.']"
5,1326186126709821440,2020-11-10,"WATCH FOR MASSIVE BALLOT COUNTING ABUSE AND, JUST LIKE THE EARLY VACCINE, REMEMBER I TOLD YOU SO!",abuse,"WATCH FOR MASSIVE BALLOT COUNTING ABUSE AND, JUST LIKE THE EARLY VACCINE, REMEMBER I",False,False,420361,74544,"['watch', 'for', 'massive', 'ballot', 'counting', 'abuse', 'and', ',', 'just', 'like', 'the', 'early', 'vaccine', ',', 'remember', 'i', 'tell', 'you', 'so', '!']"
6,1326194143132082176,2020-11-10,"Republicans, don’t let Andrew McCabe continue to get away with totally criminal activity. What he did should never be allowed to happen to our Country again. FIGHT FOR JUSTICE!",fight,be allowed to happen to our Country again. FIGHT FOR JUSTICE!,False,False,349531,69352,"['republican', ',', 'do', 'not', 'let', 'andrew', 'mccabe', 'continue', 'to', 'get', 'away', 'with', 'totally', 'criminal', 'activity', '.', 'what', 'he', 'do', 'should', 'never', 'be', 'allow', 'to', 'happen', 'to', 'our', 'country', 'again', '.', 'fight', 'for', 'justice', '!']"
7,1346805405998075904,2021-01-06,Sleepy Eyes Chuck Todd is so happy with the fake voter tabulation process that he can’t even get the words out straight. Sad to watch!,sleepy,Sleepy Eyes Chuck Todd is so happy with the,False,False,193930,36209,"['sleepy', 'eyes', 'chuck', 'todd', 'be', 'so', 'happy', 'with', 'the', 'fake', 'voter', 'tabulation', 'process', 'that', 'he', 'can', 'not', 'even', 'get', 'the', 'word', 'out', 'straight', '.', 'sad', 'to', 'watch', '!']"
8,1346954970910707712,2021-01-06,These are the things and events that happen when a sacred landslide election victory is so unceremoniously & viciously stripped away from great patriots who have been badly & unfairly treated for so long. Go home with love & in peace. Remember this day forever!,landslide,things and events that happen when a sacred landslide election victory is so unceremoniously & viciously stripped,False,False,0,0,"['these', 'be', 'the', 'thing', 'and', 'event', 'that', 'happen', 'when', 'a', 'sacred', 'landslide', 'election', 'victory', 'be', 'so', 'unceremoniously', '&', 'viciously', 'strip', 'away', 'from', 'great', 'patriot', 'who', 'have', 'be', 'badly', '&', 'unfairly', 'treat', 'for', 'so', 'long', '.', 'go', 'home', 'with', 'love', '&', 'in', 'peace', '.', 'remember', 'this', 'day', 'forever', '!']"
9,1346954970910707712,2021-01-06,These are the things and events that happen when a sacred landslide election victory is so unceremoniously & viciously stripped away from great patriots who have been badly & unfairly treated for so long. Go home with love & in peace. Remember this day forever!,victory,events that happen when a sacred landslide election victory is so unceremoniously & viciously stripped away from,False,False,0,0,"['these', 'be', 'the', 'thing', 'and', 'event', 'that', 'happen', 'when', 'a', 'sacred', 'landslide', 'election', 'victory', 'be', 'so', 'unceremoniously', '&', 'viciously', 'strip', 'away', 'from', 'great', 'patriot', 'who', 'have', 'be', 'badly', '&', 'unfairly', 'treat', 'for', 'so', 'long', '.', 'go', 'home', 'with', 'love', '&', 'in', 'peace', '.', 'remember', 'this', 'day', 'forever', '!']"
10,1332337895584264192,2020-11-27,"No, the 2020 Election was a total scam, we won by a lot (and will hopefully turn over the fraudulent result), but we must get out and help David and Kelly, two GREAT people. Otherwise we are playing right into the hands of some very sick people. I will be in Georgia on Saturday! https://t.co/1ziqFq9S6O",sick,playing right into the hands of some very sick people. I will be in Georgia on Saturday!,False,False,139741,33998,"['no', ',', 'the', '2020', 'election', 'be', 'a', 'total', 'scam', ',', 'we', 'win', 'by', 'a', 'lot', '(', 'and', 'will', 'hopefully', 'turn', 'over', 'the', 'fraudulent', 'result', ')', ',', 'but', 'we', 'must', 'get', 'out', 'and', 'help', 'david', 'and', 'kelly', ',', 'two', 'great', 'people', '.', 'otherwise', 'we', 'be', 'play', 'right', 'into', 'the', 'hand', 'of', 'some', 'very', 'sick', 'people', '.', 'i', 'will', 'be', 'in', 'georgia', 'on', 'saturday', '!']"
11,1328483862490574848,2020-11-16,"Big victory moments ago in the State of Nevada. The all Democrat County Commissioner race, on same ballot as President, just thrown out because of large scale voter discrepancy. Clark County officials do not have confidence in their own election security. Major impact! https://t.co/TLHnFKNN6g",victory,Big victory moments ago in the State of Nevada. The,False,False,282313,73024,"['big', 'victory', 'moment', 'ago', 'in', 'the', 'state', 'of', 'nevada', '.', 'the', 'all', 'democrat', 'county', 'commissioner', 'race', ',', 'on', 'same', 'ballot', 'as', 'president', ',', 'just', 'throw', 'out', 'because', 'of', 'large', 'scale', 'voter', 'discrepancy', '.', 'clark', 'county', 'official', 'do', 'not', 'have', 'confidence', 'in', 'their', 'own', 'election', 'security', '.', 'major', 'impact', '!']"
12,1328900747497525248,2020-11-18,"Wow! Governor Kemp will hopefully see the light before it is too late. Must finally take charge! Two GREAT Senators, who do so much for Georgia and truly love the USA, are in a must win battle with two incompetents who don’t have a clue! https://t.co/j10ZRZpYjK",battle,"love the USA, are in a must win battle with two incompetents who don’t have a clue!",False,False,141230,30442,"['wow', '!', 'governor', 'kemp', 'will', 'hopefully', 'see', 'the', 'light', 'before', 'it', 'be', 'too', 'late', '.', 'must', 'finally', 'take', 'charge', '!', 'two', 'great', 'senators', ',', 'who', 'do', 'so', 'much', 'for', 'georgia', 'and', 'truly', 'love', 'the', 'usa', ',', 'be', 'in', 'a', 'must', 'win', 'battle', 'with', 'two', 'incompetent', 'who', 'do', 'not', 'have', 'a', 'clue', '!']"
13,1326519025552265216,2020-11-11,"The Fake Pollsters at @ABC/@washingtonpost produced a possibly illegal suppression Poll just before the Election showing me down 17 points in Wisconsin when, in fact, on Election Day, the race was even - & we are now preparing to win the state. Many such “deplorable” instances!",race,"Wisconsin when, in fact, on Election Day, the race was even - & we are now preparing",False,False,298631,62691,"['the', 'fake', 'pollsters', 'at', '/', 'produce', 'a', 'possibly', 'illegal', 'suppression', 'poll', 'just', 'before', 'the', 'election', 'show', 'i', 'down', '17', 'point', 'in', 'wisconsin', 'when', ',', 'in', 'fact', ',', 'on', 'election', 'day', ',', 'the', 'race', 'be', 'even', '-', '&', 'we', 'be', 'now', 'prepare', 'to', 'win', 'the', 'state', '.', 'many', 'such', '""', 'deplorable', '""', 'instance', '!']"
14,1332552283553476608,2020-11-28,"The 1,126,940 votes were created out of thin air. I won Pennsylvania by a lot, perhaps more than anyone will ever know. The Pennsylvania votes were RIGGED. All other swing states also. The world is watching! https://t.co/zmnk34Ny23",thin,"The 1,126,940 votes were created out of thin air. I won Pennsylvania by a lot, perhaps",False,False,264054,73949,"['the', '1,126,940', 'vote', 'be', 'create', 'out', 'of', 'thin', 'air', '.', 'i', 'win', 'pennsylvania', 'by', 'a', 'lot', ',', 'perhaps', 'more', 'than', 'anyone', 'will', 'ever', 'know', '.', 'the', 'pennsylvania', 'vote', 'be', 'rigged', '.', 'all', 'other', 'swing', 'state', 'also', '.', 'the', 'world', 'be', 'watch', '!']"
15,1330361494710661120,2020-11-22,"Thanks Mark. It’s all a continuation of the never ending Witch Hunt. Judge Brann, who would not even allow us to present our case or evidence, is an appointment of Senator Pat “No Tariffs” Toomey of Pennsylvania, no friend of mine, & Obama - No wonder. 900,000 Fraudulent Votes! https://t.co/17rk2KsUPs",witch,"It’s all a continuation of the never ending Witch Hunt. Judge Brann, who would not even allow",False,True,39385,9458,"['thank', 'mark', '.', 'it', '’', 'all', 'a', 'continuation', 'of', 'the', 'never', 'end', 'witch', 'hunt', '.', 'judge', 'brann', ',', 'who', 'would', 'not', 'even', 'allow', 'we', 'to', 'present', 'our', 'case', 'or', 'evidence', ',', 'be', 'an', 'appointment', 'of', 'senator', 'pat', '""', 'no', 'tariffs', '""', 'toomey', 'of', 'pennsylvania', ',', 'no', 'friend', 'of', 'mine', ',', '&', 'obama', '-', 'no', 'wonder', '.', '900,000', 'fraudulent', 'votes', '!']"
16,1330374020613758976,2020-11-22,"Thanks Mark. It’s all a continuation of the never ending Witch Hunt. Judge Brann, who would not even allow us to present our case or evidence, is a product of Senator Pat “No Tariffs” Toomey of Pennsylvania, no friend of mine, & Obama - No wonder. 900,000 Fraudulent Votes! https://t.co/17rk2KsUPs",witch,"It’s all a continuation of the never ending Witch Hunt. Judge Brann, who would not even allow",False,False,144982,30473,"['thank', 'mark', '.', 'it', '’', 'all', 'a', 'continuation', 'of', 'the', 'never', 'end', 'witch', 'hunt', '.', 'judge', 'brann', ',', 'who', 'would', 'not', 'even', 'allow', 'we', 'to', 'present', 'our', 'case', 'or', 'evidence', ',', 'be', 'a', 'product', 'of', 'senator', 'pat', '""', 'no', 'tariffs', '""', 'toomey', 'of', 'pennsylvania', ',', 'no', 'friend', 'of', 'mine', ',', '&', 'obama', '-', 'no', 'wonder', '.', '900,000', 'fraudulent', 'votes', '!']"
17,1329087255168708608,2020-11-18,"In Detroit, there are FAR MORE VOTES THAN PEOPLE. Nothing can be done to cure that giant scam. I win Michigan!",cure,VOTES THAN PEOPLE. Nothing can be done to cure that giant scam. I win Michigan!,False,False,360087,69145,"['in', 'detroit', ',', 'there', 'be', 'far', 'more', 'vote', 'than', 'people', '.', 'nothing', 'can', 'be', 'do', 'to', 'cure', 'that', 'giant', 'scam', '.', 'i', 'win', 'michigan', '!']"
18,1329233502139715584,2020-11-19,"Look at this in Wisconsin! A day AFTER the election, Biden receives a dump of 143,379 votes at 3:42AM, when they learned he was losing badly. This is unbelievable! https://t.co/nhiLMmyHBn",dump,"A day AFTER the election, Biden receives a dump of 143,379 votes at 3:42AM, when they learned",False,False,369662,118380,"['look', 'at', 'this', 'in', 'wisconsin', '!', 'a', 'day', 'after', 'the', 'election', ',', 'biden', 'receive', 'a', 'dump', 'of', '143,379', 'vote', 'at', '3:42am', ',', 'when', 'they', 'learn', 'he', 'be', 'lose', 'badly', '.', 'this', 'be', 'unbelievable', '!']"
19,1330487246236028928,2020-11-22,It’s all about the signatures on the envelopes. Why are the Democrats fighting so hard to hide them. We will find massive numbers of fraudulent ballots. The signatures won’t match. Fight hard Republicans. Don’t let them destroy the evidence! https://t.co/qN2jHGeWEN,destroy,won’t match. Fight hard Republicans. Don’t let them destroy the evidence! https://t.co/qN2jHGeWEN,False,False,155833,38419,"['it', '’', 'all', 'about', 'the', 'signature', 'on', 'the', 'envelope', '.', 'why', 'be', 'the', 'democrats', 'fight', 'so', 'hard', 'to', 'hide', 'they', '.', 'we', 'will', 'find', 'massive', 'number', 'of', 'fraudulent', 'ballot', '.', 'the', 'signature', 'will', 'not', 'match', '.', 'fight', 'hard', 'republicans', '.', 'do', 'not', 'let', 'they', 'destroy', 'the', 'evidence', '!']"
20,1330487246236028928,2020-11-22,It’s all about the signatures on the envelopes. Why are the Democrats fighting so hard to hide them. We will find massive numbers of fraudulent ballots. The signatures won’t match. Fight hard Republicans. Don’t let them destroy the evidence! https://t.co/qN2jHGeWEN,fight,numbers of fraudulent ballots. The signatures won’t match. Fight hard Republicans. Don’t let them destroy the evidence!,False,False,155833,38419,"['it', '’', 'all', 'about', 'the', 'signature', 'on', 'the', 'envelope', '.', 'why', 'be', 'the', 'democrats', 'fight', 'so', 'hard', 'to', 'hide', 'they', '.', 'we', 'will', 'find', 'massive', 'number', 'of', 'fraudulent', 'ballot', '.', 'the', 'signature', 'will', 'not', 'match', '.', 'fight', 'hard', 'republicans', '.', 'do', 'not', 'let', 'they', 'destroy', 'the', 'evidence', '!']"
21,1330555645213483008,2020-11-22,"Other than politics, how do you lose a case where large numbers of voters, far more than you need to flip Pennsylvania, are disenfranchised? Vote Observers thrown out of counting rooms. People going to vote finding out they have already voted through a fake ballot - go home!",lose,"Other than politics, how do you lose a case where large numbers of voters, far",False,False,271250,55418,"['other', 'than', 'politic', ',', 'how', 'do', 'you', 'lose', 'a', 'case', 'where', 'large', 'number', 'of', 'voter', ',', 'far', 'more', 'than', 'you', 'need', 'to', 'flip', 'pennsylvania', ',', 'be', 'disenfranchised', '?', 'vote', 'observers', 'throw', 'out', 'of', 'count', 'room', '.', 'people', 'go', 'to', 'vote', 'find', 'out', 'they', 'have', 'already', 'vote', 'through', 'a', 'fake', 'ballot', '-', 'go', 'home', '!']"
22,1333856259662077952,2020-12-01,Hope everybody is watching @OANN right now. Other media afraid to show. People are coming forward like never before. Large truck carrying hundreds of thousands of fraudulent (FAKE) ballots to a voting center? TERRIBLE - SAVE AMERICA!,save,(FAKE) ballots to a voting center? TERRIBLE - SAVE AMERICA!,False,False,207415,51028,"['hope', 'everybody', 'be', 'watch', 'right', 'now', '.', 'other', 'medium', 'afraid', 'to', 'show', '.', 'people', 'be', 'come', 'forward', 'like', 'never', 'before', '.', 'large', 'truck', 'carry', 'hundred', 'of', 'thousand', 'of', 'fraudulent', '(', 'fake', ')', 'ballot', 'to', 'a', 'voting', 'center', '?', 'terrible', '-', 'save', 'america', '!']"
23,1327715767916392448,2020-11-14,The hand recount taking place in Georgia is a waste of time. They are not showing the matching signatures. Call off the recount until they allow the MATCH. Don’t let the Radical Left Dems STEAL THE ELECTION!,steal,the MATCH. Don’t let the Radical Left Dems STEAL THE ELECTION!,False,False,302185,70205,"['the', 'hand', 'recount', 'take', 'place', 'in', 'georgia', 'be', 'a', 'waste', 'of', 'time', '.', 'they', 'be', 'not', 'show', 'the', 'matching', 'signature', '.', 'call', 'off', 'the', 'recount', 'until', 'they', 'allow', 'the', 'match', '.', 'do', 'not', 'let', 'the', 'radical', 'left', 'dems', 'steal', 'the', 'election', '!']"
24,1327811527123103488,2020-11-15,"I look forward to Mayor Giuliani spearheading the legal effort to defend OUR RIGHT to FREE and FAIR ELECTIONS! Rudy Giuliani, Joseph diGenova, Victoria Toensing, Sidney Powell, and Jenna Ellis, a truly great team, added to our other wonderful lawyers and representatives!",defend,to Mayor Giuliani spearheading the legal effort to defend OUR RIGHT to FREE and FAIR ELECTIONS! Rudy,False,False,331128,67982,"['i', 'look', 'forward', 'to', 'mayor', 'giuliani', 'spearhead', 'the', 'legal', 'effort', 'to', 'defend', 'our', 'right', 'to', 'free', 'and', 'fair', 'election', '!', 'rudy', 'giuliani', ',', 'joseph', 'digenova', ',', 'victoria', 'toensing', ',', 'sidney', 'powell', ',', 'and', 'jenna', 'ellis', ',', 'a', 'truly', 'great', 'team', ',', 'add', 'to', 'our', 'other', 'wonderful', 'lawyer', 'and', 'representative', '!']"
25,1327824600760274944,2020-11-15,"Antifa SCUM ran for the hills today when they tried attacking the people at the Trump Rally, because those people aggressively fought back. Antifa waited until tonight, when 99% were gone, to attack innocent #MAGA People. DC Police, get going — do you job and don’t hold back!!!",attack,"waited until tonight, when 99% were gone, to attack innocent #MAGA People. DC Police, get going —",False,True,56627,16548,"['antifa', 'scum', 'run', 'for', 'the', 'hill', 'today', 'when', 'they', 'try', 'attack', 'the', 'people', 'at', 'the', 'trump', 'rally', ',', 'because', 'those', 'people', 'aggressively', 'fight', 'back', '.', 'antifa', 'wait', 'until', 'tonight', ',', 'when', '99', '%', 'be', 'go', ',', 'to', 'attack', 'innocent', 'maga', 'people', '.', 'dc', 'police', ',', 'get', 'go', '—', 'do', 'you', 'job', 'and', 'do', 'not', 'hold', 'back', '!', '!', '!']"
26,1327828007311073280,2020-11-15,"ANTIFA SCUM ran for the hills today when they tried attacking the people at the Trump Rally, because those people aggressively fought back. Antifa waited until tonight, when 99% were gone, to attack innocent #MAGA People. DC Police, get going — do your job and don’t hold back!!!",attack,"waited until tonight, when 99% were gone, to attack innocent #MAGA People. DC Police, get going —",False,False,342024,75236,"['antifa', 'scum', 'run', 'for', 'the', 'hill', 'today', 'when', 'they', 'try', 'attack', 'the', 'people', 'at', 'the', 'trump', 'rally', ',', 'because', 'those', 'people', 'aggressively', 'fight', 'back', '.', 'antifa', 'wait', 'until', 'tonight', ',', 'when', '99', '%', 'be', 'go', ',', 'to', 'attack', 'innocent', 'maga', 'people', '.', 'dc', 'police', ',', 'get', 'go', '—', 'do', 'your', 'job', 'and', 'do', 'not', 'hold', 'back', '!', '!', '!']"
27,1327836002631766016,2020-11-15,Human Radical Left garbage did this. Being arrested now! https://t.co/fXSsXXp5yc,garbage,Human Radical Left garbage did this. Being arrested now! https://t.co/fXSsXXp5yc,False,False,110241,33252,"['human', 'radical', 'left', 'garbage', 'do', 'this', '.', 'be', 'arrest', 'now', '!']"
28,1327836670742450176,2020-11-15,The Silent Media is the Enemy of the People!!! https://t.co/I2LnE3dpI9,silent,The Silent Media is the Enemy of the People!!! https://t.co/I2LnE3dpI9,False,False,151019,34701,"['the', 'silent', 'media', 'be', 'the', 'enemy', 'of', 'the', 'people', '!', '!', '!']"
29,1334711509977608192,2020-12-04,"The best way to insure a @KLoeffler and @sendavidperdue VICTORY is to allow signature checks in the Presidential race, which will insure a Georgia Presidential win (very few votes are needed, many will be found). Spirits will soar and everyone will rush out and VOTE! @BrianKempGA",victory,best way to insure a @KLoeffler and @sendavidperdue VICTORY is to allow signature checks in the Presidential,False,False,170738,39417,"['the', 'good', 'way', 'to', 'insure', 'a', 'and', 'victory', 'be', 'to', 'allow', 'signature', 'check', 'in', 'the', 'presidential', 'race', ',', 'which', 'will', 'insure', 'a', 'georgia', 'presidential', 'win', '(', 'very', 'few', 'vote', 'be', 'need', ',', 'many', 'will', 'be', 'find', ')', '.', 'spirit', 'will', 'soar', 'and', 'everyone', 'will', 'rush', 'out', 'and', 'vote', '!']"
30,1327956491056279552,2020-11-15,"He won because the Election was Rigged. NO VOTE WATCHERS OR OBSERVERS allowed, vote tabulated by a Radical Left privately owned company, Dominion, with a bad reputation & bum equipment that couldn’t even qualify for Texas (which I won by a lot!), the Fake & Silent Media, & more! https://t.co/Exb3C1mAPg",silent,"I won by a lot!), the Fake & Silent Media, & more! https://t.co/Exb3C1mAPg",False,False,154000,36622,"['he', 'win', 'because', 'the', 'election', 'be', 'rig', '.', 'no', 'vote', 'watcher', 'or', 'observer', 'allow', ',', 'vote', 'tabulate', 'by', 'a', 'radical', 'left', 'privately', 'own', 'company', ',', 'dominion', ',', 'with', 'a', 'bad', 'reputation', '&', 'bum', 'equipment', 'that', 'could', 'not', 'even', 'qualify', 'for', 'texas', '(', 'which', 'i', 'win', 'by', 'a', 'lot', '!', ')', ',', 'the', 'fake', '&', 'silent', 'media', ',', '&', 'more', '!']"
31,1327958640309972992,2020-11-15,"All of the mechanical “glitches” that took place on Election Night were really THEM getting caught trying to steal votes. They succeeded plenty, however, without getting caught. Mail-in elections are a sick joke!",sick,"however, without getting caught. Mail-in elections are a sick joke!",False,False,269285,53371,"['all', 'of', 'the', 'mechanical', '""', 'glitch', '""', 'that', 'take', 'place', 'on', 'election', 'night', 'be', 'really', 'they', 'getting', 'catch', 'try', 'to', 'steal', 'vote', '.', 'they', 'succeed', 'plenty', ',', 'however', ',', 'without', 'getting', 'catch', '.', 'mail', '-', 'in', 'election', 'be', 'a', 'sick', 'joke', '!']"
32,1327958640309972992,2020-11-15,"All of the mechanical “glitches” that took place on Election Night were really THEM getting caught trying to steal votes. They succeeded plenty, however, without getting caught. Mail-in elections are a sick joke!",steal,"Night were really THEM getting caught trying to steal votes. They succeeded plenty, however, without getting caught.",False,False,269285,53371,"['all', 'of', 'the', 'mechanical', '""', 'glitch', '""', 'that', 'take', 'place', 'on', 'election', 'night', 'be', 'really', 'they', 'getting', 'catch', 'try', 'to', 'steal', 'vote', '.', 'they', 'succeed', 'plenty', ',', 'however', ',', 'without', 'getting', 'catch', '.', 'mail', '-', 'in', 'election', 'be', 'a', 'sick', 'joke', '!']"
33,1328093294782509056,2020-11-15,We won’t let a RIGGED ELECTION steal our Country! https://t.co/r0H4ZcDkHv,steal,We won’t let a RIGGED ELECTION steal our Country! https://t.co/r0H4ZcDkHv,False,False,270740,62410,"['we', 'will', 'not', 'let', 'a', 'rigged', 'election', 'steal', 'our', 'country', '!']"
34,1325065540390559488,2020-11-07,"Tens of thousands of votes were illegally received after 8 P.M. on Tuesday, Election Day, totally and easily changing the results in Pennsylvania and certain other razor thin states. As a separate matter, hundreds of thousands of Votes were illegally not allowed to be OBSERVED...",thin,"the results in Pennsylvania and certain other razor thin states. As a separate matter, hundreds of thousands",False,False,0,0,"['ten', 'of', 'thousand', 'of', 'vote', 'be', 'illegally', 'receive', 'after', '8', 'p.m.', 'on', 'tuesday', ',', 'election', 'day', ',', 'totally', 'and', 'easily', 'change', 'the', 'result', 'in', 'pennsylvania', 'and', 'certain', 'other', 'razor', 'thin', 'state', '.', 'as', 'a', 'separate', 'matter', ',', 'hundred', 'of', 'thousand', 'of', 'vote', 'be', 'illegally', 'not', 'allow', 'to', 'be', 'observed', '...']"
35,1335351629810286592,2020-12-05,"Between Governor @DougDucey of Arizona and Governor @BrianKempGA of Georgia, the Democrat Party could not be happier. They fight harder against us than do the Radical Left Dems. If they were with us, we would have already won both Arizona and Georgia...",fight,the Democrat Party could not be happier. They fight harder against us than do the Radical Left,False,False,161551,35679,"['between', 'governor', 'of', 'arizona', 'and', 'governor', 'of', 'georgia', ',', 'the', 'democrat', 'party', 'could', 'not', 'be', 'happy', '.', 'they', 'fight', 'hard', 'against', 'we', 'than', 'do', 'the', 'radical', 'left', 'dems', '.', 'if', 'they', 'be', 'with', 'we', ',', 'we', 'would', 'have', 'already', 'win', 'both', 'arizona', 'and', 'georgia', '...']"
36,1335413770139549696,2020-12-06,"The answer to the Democrat voter fraud is not to stay at home - that’s what Pelosi and Schumer want you to do. If you want revenge on the Democrats for their efforts to steal the Presidential election, where we are fighting hard, you have to show up and vote in RECORD numbers! https://t.co/XAJ0F2JmeL",steal,"revenge on the Democrats for their efforts to steal the Presidential election, where we are fighting hard,",False,False,166748,41785,"['the', 'answer', 'to', 'the', 'democrat', 'voter', 'fraud', 'be', 'not', 'to', 'stay', 'at', 'home', '-', 'that', '’', 'what', 'pelosi', 'and', 'schumer', 'want', 'you', 'to', 'do', '.', 'if', 'you', 'want', 'revenge', 'on', 'the', 'democrats', 'for', 'their', 'effort', 'to', 'steal', 'the', 'presidential', 'election', ',', 'where', 'we', 'be', 'fight', 'hard', ',', 'you', 'have', 'to', 'show', 'up', 'and', 'vote', 'in', 'record', 'number', '!']"
37,1328361451497664512,2020-11-16,"The Radical Left Democrats, working with their partner, the Fake News Media, are trying to STEAL this Election. We won’t let them!",steal,"partner, the Fake News Media, are trying to STEAL this Election. We won’t let them!",False,False,344327,62658,"['the', 'radical', 'left', 'democrats', ',', 'work', 'with', 'their', 'partner', ',', 'the', 'fake', 'news', 'media', ',', 'be', 'try', 'to', 'steal', 'this', 'election', '.', 'we', 'will', 'not', 'let', 'they', '!']"
38,1336730906107768832,2020-12-09,"If somebody cheated in the Election, which the Democrats did, why wouldn’t the Election be immediately overturned? How can a Country be run like this?",run,be immediately overturned? How can a Country be run like this?,False,False,262143,51997,"['if', 'somebody', 'cheat', 'in', 'the', 'election', ',', 'which', 'the', 'democrats', 'do', ',', 'why', 'would', 'not', 'the', 'election', 'be', 'immediately', 'overturn', '?', 'how', 'can', 'a', 'country', 'be', 'run', 'like', 'this', '?']"
39,1337040387349893120,2020-12-10,The Supreme Court has a chance to save our Country from the greatest Election abuse in the history of the United States. 78% of the people feel (know!) the Election was RIGGED.,abuse,to save our Country from the greatest Election abuse in the history of the United States. 78%,False,False,209213,46234,"['the', 'supreme', 'court', 'have', 'a', 'chance', 'to', 'save', 'our', 'country', 'from', 'the', 'great', 'election', 'abuse', 'in', 'the', 'history', 'of', 'the', 'united', 'states', '.', '78', '%', 'of', 'the', 'people', 'feel', '(', 'know', '!', ')', 'the', 'election', 'be', 'rigged', '.']"
40,1337040387349893120,2020-12-10,The Supreme Court has a chance to save our Country from the greatest Election abuse in the history of the United States. 78% of the people feel (know!) the Election was RIGGED.,save,The Supreme Court has a chance to save our Country from the greatest Election abuse in,False,False,209213,46234,"['the', 'supreme', 'court', 'have', 'a', 'chance', 'to', 'save', 'our', 'country', 'from', 'the', 'great', 'election', 'abuse', 'in', 'the', 'history', 'of', 'the', 'united', 'states', '.', '78', '%', 'of', 'the', 'people', 'feel', '(', 'know', '!', ')', 'the', 'election', 'be', 'rigged', '.']"
41,1337040883988959232,2020-12-10,How can you give an election to someone who lost the election by hundreds of thousands of legal votes in each of the swing states. How can a country be run by an illegitimate president?,run,the swing states. How can a country be run by an illegitimate president?,False,False,228392,43954,"['how', 'can', 'you', 'give', 'an', 'election', 'to', 'someone', 'who', 'lose', 'the', 'election', 'by', 'hundred', 'of', 'thousand', 'of', 'legal', 'vote', 'in', 'each', 'of', 'the', 'swing', 'state', '.', 'how', 'can', 'a', 'country', 'be', 'run', 'by', 'an', 'illegitimate', 'president', '?']"
42,1337385736530780160,2020-12-11,"Now that the Biden Administration will be a scandal plagued mess for years to come, it is much easier for the Supreme Court of the United States to follow the Constitution and do what everybody knows has to be done. They must show great Courage & Wisdom. Save the USA!!!",save,done. They must show great Courage & Wisdom. Save the USA!!!,False,False,266423,51993,"['now', 'that', 'the', 'biden', 'administration', 'will', 'be', 'a', 'scandal', 'plague', 'mess', 'for', 'year', 'to', 'come', ',', 'it', 'be', 'much', 'easy', 'for', 'the', 'supreme', 'court', 'of', 'the', 'united', 'states', 'to', 'follow', 'the', 'constitution', 'and', 'do', 'what', 'everybody', 'know', 'have', 'to', 'be', 'do', '.', 'they', 'must', 'show', 'great', 'courage', '&', 'wisdom', '.', 'save', 'the', 'usa', '!', '!', '!']"
43,1337629306919538688,2020-12-12,"....that, after careful study and consideration, think you got “screwed”, something which will hurt them also. Many others likewise join the suit but, within a flash, it is thrown out and gone, without even looking at the many reasons it was brought. A Rigged Election, fight on!",fight,"many reasons it was brought. A Rigged Election, fight on!",False,False,166792,29390,"['....', 'that', ',', 'after', 'careful', 'study', 'and', 'consideration', ',', 'think', 'you', 'get', '""', 'screw', '""', ',', 'something', 'which', 'will', 'hurt', 'they', 'also', '.', 'many', 'other', 'likewise', 'join', 'the', 'suit', 'but', ',', 'within', 'a', 'flash', ',', 'it', 'be', 'throw', 'out', 'and', 'go', ',', 'without', 'even', 'look', 'at', 'the', 'many', 'reason', 'it', 'be', 'bring', '.', 'a', 'rigged', 'election', ',', 'fight', 'on', '!']"
44,1329602736053252096,2020-11-20,"Look at this in Michigan! A day AFTER the election, Biden receives a dump of 134,886 votes at 6:31AM! https://t.co/CTDaWTNs29 https://t.co/nSmc2olraF",dump,"A day AFTER the election, Biden receives a dump of 134,886 votes at 6:31AM! https://t.co/CTDaWTNs29 https://t.co/nSmc2olraF",False,False,221074,68002,"['look', 'at', 'this', 'in', 'michigan', '!', 'a', 'day', 'after', 'the', 'election', ',', 'biden', 'receive', 'a', 'dump', 'of', '134,886', 'vote', 'at', '6:31am', '!']"
45,1337755490563010560,2020-12-12,"IF Biden gets in, nothing will happen to Hunter or Joe. Barr will do nothing, and the new group of partisan killers coming in will quickly kill it all. Same thing with Durham. We caught them cold, spying, treason & more (the hard part), but “Justice” took too long. Will be DOA!",kill,group of partisan killers coming in will quickly kill it all. Same thing with Durham. We caught,False,False,255339,53157,"['if', 'biden', 'get', 'in', ',', 'nothing', 'will', 'happen', 'to', 'hunter', 'or', 'joe', '.', 'barr', 'will', 'do', 'nothing', ',', 'and', 'the', 'new', 'group', 'of', 'partisan', 'killer', 'come', 'in', 'will', 'quickly', 'kill', 'it', 'all', '.', 'same', 'thing', 'with', 'durham', '.', 'we', 'catch', 'they', 'cold', ',', 'spying', ',', 'treason', '&', 'more', '(', 'the', 'hard', 'part', ')', ',', 'but', '""', 'justice', '""', 'take', 'too', 'long', '.', 'will', 'be', 'doa', '!']"
46,1338246163368046592,2020-12-13,"The RINOS that run the state voting apparatus have caused us this problem of allowing the Democrats to so blatantly cheat in their attempt to steal the election, which we won overwhelmingly. How dare they allow this massive and ridiculous Mail-In Voting to occur...",run,The RINOS that run the state voting apparatus have caused us this,False,False,171587,35988,"['the', 'rinos', 'that', 'run', 'the', 'state', 'voting', 'apparatus', 'have', 'cause', 'we', 'this', 'problem', 'of', 'allow', 'the', 'democrats', 'to', 'so', 'blatantly', 'cheat', 'in', 'their', 'attempt', 'to', 'steal', 'the', 'election', ',', 'which', 'we', 'win', 'overwhelmingly', '.', 'how', 'dare', 'they', 'allow', 'this', 'massive', 'and', 'ridiculous', 'mail', '-', 'in', 'voting', 'to', 'occur', '...']"
47,1338246163368046592,2020-12-13,"The RINOS that run the state voting apparatus have caused us this problem of allowing the Democrats to so blatantly cheat in their attempt to steal the election, which we won overwhelmingly. How dare they allow this massive and ridiculous Mail-In Voting to occur...",steal,"to so blatantly cheat in their attempt to steal the election, which we won overwhelmingly. How dare",False,False,171587,35988,"['the', 'rinos', 'that', 'run', 'the', 'state', 'voting', 'apparatus', 'have', 'cause', 'we', 'this', 'problem', 'of', 'allow', 'the', 'democrats', 'to', 'so', 'blatantly', 'cheat', 'in', 'their', 'attempt', 'to', 'steal', 'the', 'election', ',', 'which', 'we', 'win', 'overwhelmingly', '.', 'how', 'dare', 'they', 'allow', 'this', 'massive', 'and', 'ridiculous', 'mail', '-', 'in', 'voting', 'to', 'occur', '...']"
48,1338483200046354432,2020-12-14,"“Why did the Swing States stop counting in the middle of the night?” @MariaBartiromo Because they waited to find out how many ballots they had to produce in order to steal the Rigged Election. They were so far behind that they needed time, & a fake “water main break”, to recover!",steal,ballots they had to produce in order to steal the Rigged Election. They were so far behind,False,False,269237,62408,"['""', 'why', 'do', 'the', 'swing', 'state', 'stop', 'count', 'in', 'the', 'middle', 'of', 'the', 'night', '?', '""', 'because', 'they', 'wait', 'to', 'find', 'out', 'how', 'many', 'ballot', 'they', 'have', 'to', 'produce', 'in', 'order', 'to', 'steal', 'the', 'rigged', 'election', '.', 'they', 'be', 'so', 'far', 'behind', 'that', 'they', 'need', 'time', ',', '&', 'a', 'fake', '""', 'water', 'main', 'break', '""', ',', 'to', 'recover', '!']"
49,1338715842931023872,2020-12-15,"This is BIG NEWS. Dominion Voting Machines are a disaster all over the Country. Changed the results of a landslide election. Can’t let this happen. Thank you for the genius, bravery, and patriotism of the Judge. Should get a medal! https://t.co/4WwiA83Prg",landslide,over the Country. Changed the results of a landslide election. Can’t let this happen. Thank you for,False,False,212020,54672,"['this', 'be', 'big', 'news', '.', 'dominion', 'voting', 'machines', 'be', 'a', 'disaster', 'all', 'over', 'the', 'country', '.', 'change', 'the', 'result', 'of', 'a', 'landslide', 'election', '.', 'can', 'not', 'let', 'this', 'happen', '.', 'thank', 'you', 'for', 'the', 'genius', ',', 'bravery', ',', 'and', 'patriotism', 'of', 'the', 'judge', '.', 'should', 'get', 'a', 'medal', '!']"
50,1338851758819389440,2020-12-15,"Tremendous problems being found with voting machines. They are so far off it is ridiculous. Able to take a landslide victory and reduce it to a tight loss. This is not what the USA is all about. Law enforcement shielding machines. DO NOT TAMPER, a crime. Much more to come!",landslide,off it is ridiculous. Able to take a landslide victory and reduce it to a tight loss.,False,False,266879,59726,"['tremendous', 'problem', 'be', 'find', 'with', 'voting', 'machine', '.', 'they', 'be', 'so', 'far', 'off', 'it', 'be', 'ridiculous', '.', 'able', 'to', 'take', 'a', 'landslide', 'victory', 'and', 'reduce', 'it', 'to', 'a', 'tight', 'loss', '.', 'this', 'be', 'not', 'what', 'the', 'usa', 'be', 'all', 'about', '.', 'law', 'enforcement', 'shielding', 'machine', '.', 'do', 'not', 'tamper', ',', 'a', 'crime', '.', 'much', 'more', 'to', 'come', '!']"
51,1338851758819389440,2020-12-15,"Tremendous problems being found with voting machines. They are so far off it is ridiculous. Able to take a landslide victory and reduce it to a tight loss. This is not what the USA is all about. Law enforcement shielding machines. DO NOT TAMPER, a crime. Much more to come!",victory,it is ridiculous. Able to take a landslide victory and reduce it to a tight loss. This,False,False,266879,59726,"['tremendous', 'problem', 'be', 'find', 'with', 'voting', 'machine', '.', 'they', 'be', 'so', 'far', 'off', 'it', 'be', 'ridiculous', '.', 'able', 'to', 'take', 'a', 'landslide', 'victory', 'and', 'reduce', 'it', 'to', 'a', 'tight', 'loss', '.', 'this', 'be', 'not', 'what', 'the', 'usa', 'be', 'all', 'about', '.', 'law', 'enforcement', 'shielding', 'machine', '.', 'do', 'not', 'tamper', ',', 'a', 'crime', '.', 'much', 'more', 'to', 'come', '!']"
52,1338876692073426944,2020-12-15,Mo Brooks: ‘Trump Won the Electoral College‘ --- I Can Be a Part of the ‘Surrender Caucus‘ or I Can Fight for Our Country https://t.co/8BcvdpY3Qf via @BreitbartNews,fight,Part of the ‘Surrender Caucus‘ or I Can Fight for Our Country https://t.co/8BcvdpY3Qf via @BreitbartNews,False,False,180977,43655,"['mo', 'brooks', ':', ""'"", 'trump', 'won', 'the', 'electoral', 'college', ""'"", '---', 'i', 'can', 'be', 'a', 'part', 'of', 'the', ""'"", 'surrender', 'caucus', ""'"", 'or', 'i', 'can', 'fight', 'for', 'our', 'country', 'via']"
53,1339748940380577792,2020-12-18,"That’s because he is a great champion and man of courage. More Republican Senators should follow his lead. We had a landslide victory, and then it was swindled away from the Republican Party - but we caught them. Do something! https://t.co/nZU0czsZgB",landslide,"Senators should follow his lead. We had a landslide victory, and then it was swindled away from",False,False,144493,34751,"['that', '’', 'because', 'he', 'be', 'a', 'great', 'chion', 'and', 'man', 'of', 'courage', '.', 'more', 'republican', 'senators', 'should', 'follow', 'his', 'lead', '.', 'we', 'have', 'a', 'landslide', 'victory', ',', 'and', 'then', 'it', 'be', 'swindle', 'away', 'from', 'the', 'republican', 'party', '-', 'but', 'we', 'catch', 'they', '.', 'do', 'something', '!']"
54,1323422929850372096,2020-11-03,"Sleepy Joe Biden has vowed to ABOLISH the American oil and natural gas industries, and BAN fracking. Biden’s energy ban will send every state into crushing poverty, from Michigan, to Wisconsin to Arizona to Pennsylvania. https://t.co/gsFSghkmdM",sleepy,Sleepy Joe Biden has vowed to ABOLISH the American,False,False,45420,9820,"['sleepy', 'joe', 'biden', 'have', 'vow', 'to', 'abolish', 'the', 'american', 'oil', 'and', 'natural', 'gas', 'industry', ',', 'and', 'ban', 'fracking', '.', 'biden', '’s', 'energy', 'ban', 'will', 'send', 'every', 'state', 'into', 'crush', 'poverty', ',', 'from', 'michigan', ',', 'to', 'wisconsin', 'to', 'arizona', 'to', 'pennsylvania', '.']"
55,1323425208255086592,2020-11-03,"For 47 years, Joe Biden viciously attacked Black Americans. He called young black men “super predators.” To every black American: I am asking for your vote. This is your one and only chance to show Sleepy Joe what you think of his decision to attack you, jail you, and betray you!",attack,"Joe what you think of his decision to attack you, jail you, and betray you!",False,False,184143,38615,"['for', '47', 'year', ',', 'joe', 'biden', 'viciously', 'attack', 'black', 'americans', '.', 'he', 'call', 'young', 'black', 'man', '""', 'super', 'predator', '.', '""', 'to', 'every', 'black', 'american', ':', 'i', 'be', 'ask', 'for', 'your', 'vote', '.', 'this', 'be', 'your', 'one', 'and', 'only', 'chance', 'to', 'show', 'sleepy', 'joe', 'what', 'you', 'think', 'of', 'his', 'decision', 'to', 'attack', 'you', ',', 'jail', 'you', ',', 'and', 'betray', 'you', '!']"
56,1323425208255086592,2020-11-03,"For 47 years, Joe Biden viciously attacked Black Americans. He called young black men “super predators.” To every black American: I am asking for your vote. This is your one and only chance to show Sleepy Joe what you think of his decision to attack you, jail you, and betray you!",betray,"his decision to attack you, jail you, and betray you!",False,False,184143,38615,"['for', '47', 'year', ',', 'joe', 'biden', 'viciously', 'attack', 'black', 'americans', '.', 'he', 'call', 'young', 'black', 'man', '""', 'super', 'predator', '.', '""', 'to', 'every', 'black', 'american', ':', 'i', 'be', 'ask', 'for', 'your', 'vote', '.', 'this', 'be', 'your', 'one', 'and', 'only', 'chance', 'to', 'show', 'sleepy', 'joe', 'what', 'you', 'think', 'of', 'his', 'decision', 'to', 'attack', 'you', ',', 'jail', 'you', ',', 'and', 'betray', 'you', '!']"
57,1323425208255086592,2020-11-03,"For 47 years, Joe Biden viciously attacked Black Americans. He called young black men “super predators.” To every black American: I am asking for your vote. This is your one and only chance to show Sleepy Joe what you think of his decision to attack you, jail you, and betray you!",sleepy,is your one and only chance to show Sleepy Joe what you think of his decision to,False,False,184143,38615,"['for', '47', 'year', ',', 'joe', 'biden', 'viciously', 'attack', 'black', 'americans', '.', 'he', 'call', 'young', 'black', 'man', '""', 'super', 'predator', '.', '""', 'to', 'every', 'black', 'american', ':', 'i', 'be', 'ask', 'for', 'your', 'vote', '.', 'this', 'be', 'your', 'one', 'and', 'only', 'chance', 'to', 'show', 'sleepy', 'joe', 'what', 'you', 'think', 'of', 'his', 'decision', 'to', 'attack', 'you', ',', 'jail', 'you', ',', 'and', 'betray', 'you', '!']"
58,1323425512933523712,2020-11-03,"Over the next 4 years, we will teach our children to love our Country, honor our history, and always respect our great American Flag—and with God’s help, we will defend the right to life, religious liberty, and the right to KEEP AND BEAR ARMS! https://t.co/gsFSghkmdM",defend,"great American Flag—and with God’s help, we will defend the right to life, religious liberty, and the",False,False,75419,16425,"['over', 'the', 'next', '4', 'year', ',', 'we', 'will', 'teach', 'our', 'child', 'to', 'love', 'our', 'country', ',', 'honor', 'our', 'history', ',', 'and', 'always', 'respect', 'our', 'great', 'american', 'flag', '—', 'and', 'with', 'god', '’s', 'help', ',', 'we', 'will', 'defend', 'the', 'right', 'to', 'life', ',', 'religious', 'liberty', ',', 'and', 'the', 'right', 'to', 'keep', 'and', 'bear', 'arms', '!']"
59,1339768443042738176,2020-12-18,"New Peter Strzok Texts Undermine Official Narrative on Start of ‘Russia Collusion‘ Investigation https://t.co/kwmNTZbsYD via @BreitbartNews. Check out last in his class John McCain, one of the most overrated people in D.C.",undermine,New Peter Strzok Texts Undermine Official Narrative on Start of ‘Russia Collusion‘ Investigation,False,False,92780,26363,"['new', 'peter', 'strzok', 'texts', 'undermine', 'official', 'narrative', 'on', 'start', 'of', ""'"", 'russia', 'collusion', ""'"", 'investigation', 'via', '.', 'check', 'out', 'last', 'in', 'his', 'class', 'john', 'mccain', ',', 'one', 'of', 'the', 'most', 'overrated', 'people', 'in', 'd.c.']"
60,1323426413286952960,2020-11-03,"THANK YOU MICHIGAN! Tomorrow, you have the power, with your vote, to save AMERICA! So get your friends, get your family, get your neighbors and co-workers, and GET OUT AND VOTE! Together, WE will MAKE AMERICA GREAT AGAIN! https://t.co/r51nIlOrKx",save,"you have the power, with your vote, to save AMERICA! So get your friends, get your family,",False,False,85029,18597,"['thank', 'you', 'michigan', '!', 'tomorrow', ',', 'you', 'have', 'the', 'power', ',', 'with', 'your', 'vote', ',', 'to', 'save', 'america', '!', 'so', 'get', 'your', 'friend', ',', 'get', 'your', 'family', ',', 'get', 'your', 'neighbor', 'and', 'co', '-', 'worker', ',', 'and', 'get', 'out', 'and', 'vote', '!', 'together', ',', 'we', 'will', 'make', 'america', 'great', 'again', '!']"
61,1323430341512622080,2020-11-03,The Supreme Court decision on voting in Pennsylvania is a VERY dangerous one. It will allow rampant and unchecked cheating and will undermine our entire systems of laws. It will also induce violence in the streets. Something must be done!,undermine,will allow rampant and unchecked cheating and will undermine our entire systems of laws. It will also,False,False,0,0,"['the', 'supreme', 'court', 'decision', 'on', 'voting', 'in', 'pennsylvania', 'be', 'a', 'very', 'dangerous', 'one', '.', 'it', 'will', 'allow', 'rant', 'and', 'unchecked', 'cheating', 'and', 'will', 'undermine', 'our', 'entire', 'system', 'of', 'law', '.', 'it', 'will', 'also', 'induce', 'violence', 'in', 'the', 'street', '.', 'something', 'must', 'be', 'do', '!']"
62,1323471421721464832,2020-11-03,"A vote for Sleepy Joe Biden is a vote to give control of government over to Globalists, Communists, Socialists, and Wealthy Liberal Hypocrites who want to silence, censor, cancel, and punish you. Get out and VOTE #MAGA tomorrow! https://t.co/gsFSghkmdM",sleepy,A vote for Sleepy Joe Biden is a vote to give control,False,False,76849,17008,"['a', 'vote', 'for', 'sleepy', 'joe', 'biden', 'be', 'a', 'vote', 'to', 'give', 'control', 'of', 'government', 'over', 'to', 'globalists', ',', 'communists', ',', 'socialists', ',', 'and', 'wealthy', 'liberal', 'hypocrites', 'who', 'want', 'to', 'silence', ',', 'censor', ',', 'cancel', ',', 'and', 'punish', 'you', '.', 'get', 'out', 'and', 'vote', 'maga', 'tomorrow', '!']"
63,1323481349030879232,2020-11-03,"Our prayers are with the people of Vienna after yet another vile act of terrorism in Europe. These evil attacks against innocent people must stop. The U.S. stands with Austria, France, and all of Europe in the fight against terrorists, including radical Islamic terrorists.",fight,"Austria, France, and all of Europe in the fight against terrorists, including radical Islamic terrorists.",False,False,236684,39564,"['our', 'prayer', 'be', 'with', 'the', 'people', 'of', 'vienna', 'after', 'yet', 'another', 'vile', 'act', 'of', 'terrorism', 'in', 'europe', '.', 'these', 'evil', 'attack', 'against', 'innocent', 'people', 'must', 'stop', '.', 'the', 'u.s.', 'stand', 'with', 'austria', ',', 'france', ',', 'and', 'all', 'of', 'europe', 'in', 'the', 'fight', 'against', 'terrorist', ',', 'include', 'radical', 'islamic', 'terrorist', '.']"
64,1339937091707351040,2020-12-18,".@senatemajldr and Republican Senators have to get tougher, or you won’t have a Republican Party anymore. We won the Presidential Election, by a lot. FIGHT FOR IT. Don’t let them take it away!",fight,"We won the Presidential Election, by a lot. FIGHT FOR IT. Don’t let them take it away!",False,False,212444,54898,"['.', 'and', 'republican', 'senators', 'have', 'to', 'get', 'tough', ',', 'or', 'you', 'will', 'not', 'have', 'a', 'republican', 'party', 'anymore', '.', 'we', 'win', 'the', 'presidential', 'election', ',', 'by', 'a', 'lot', '.', 'fight', 'for', 'it', '.', 'do', 'not', 'let', 'they', 'take', 'it', 'away', '!']"
65,1340185773220515840,2020-12-19,"Peter Navarro releases 36-page report alleging election fraud 'more than sufficient' to swing victory to Trump https://t.co/D8KrMHnFdK. A great report by Peter. Statistically impossible to have lost the 2020 Election. Big protest in D.C. on January 6th. Be there, will be wild!",victory,alleging election fraud 'more than sufficient' to swing victory to Trump https://t.co/D8KrMHnFdK. A great report by Peter.,False,False,218392,67211,"['peter', 'navarro', 'release', '36', '-', 'page', 'report', 'allege', 'election', 'fraud', ""'"", 'more', 'than', 'sufficient', ""'"", 'to', 'swing', 'victory', 'to', 'trump', 'a', 'great', 'report', 'by', 'peter', '.', 'statistically', 'impossible', 'to', 'have', 'lose', 'the', '2020', 'election', '.', 'big', 'protest', 'in', 'd.c.', 'on', 'january', '6th', '.', 'be', 'there', ',', 'will', 'be', 'wild', '!']"
66,1340306154031857664,2020-12-19,"He didn’t win the Election. He lost all 6 Swing States, by a lot. They then dumped hundreds of thousands of votes in each one, and got caught. Now Republican politicians have to fight so that their great victory is not stolen. Don’t be weak fools! https://t.co/d9Bgu8XPIj",fight,and got caught. Now Republican politicians have to fight so that their great victory is not stolen.,False,False,225840,64973,"['he', 'do', 'not', 'win', 'the', 'election', '.', 'he', 'lose', 'all', '6', 'swing', 'states', ',', 'by', 'a', 'lot', '.', 'they', 'then', 'dump', 'hundred', 'of', 'thousand', 'of', 'vote', 'in', 'each', 'one', ',', 'and', 'get', 'catch', '.', 'now', 'republican', 'politician', 'have', 'to', 'fight', 'so', 'that', 'their', 'great', 'victory', 'be', 'not', 'steal', '.', 'do', 'not', 'be', 'weak', 'fool', '!']"
67,1340306154031857664,2020-12-19,"He didn’t win the Election. He lost all 6 Swing States, by a lot. They then dumped hundreds of thousands of votes in each one, and got caught. Now Republican politicians have to fight so that their great victory is not stolen. Don’t be weak fools! https://t.co/d9Bgu8XPIj",victory,politicians have to fight so that their great victory is not stolen. Don’t be weak fools! https://t.co/d9Bgu8XPIj,False,False,225840,64973,"['he', 'do', 'not', 'win', 'the', 'election', '.', 'he', 'lose', 'all', '6', 'swing', 'states', ',', 'by', 'a', 'lot', '.', 'they', 'then', 'dump', 'hundred', 'of', 'thousand', 'of', 'vote', 'in', 'each', 'one', ',', 'and', 'get', 'catch', '.', 'now', 'republican', 'politician', 'have', 'to', 'fight', 'so', 'that', 'their', 'great', 'victory', 'be', 'not', 'steal', '.', 'do', 'not', 'be', 'weak', 'fool', '!']"
68,1323863787825438720,2020-11-04,"We are up BIG, but they are trying to STEAL the Election. We will never let them do it. Votes cannot be cast after the Poles are closed!",steal,"are up BIG, but they are trying to STEAL the Election. We will never let them do",False,True,37660,9797,"['we', 'be', 'up', 'big', ',', 'but', 'they', 'be', 'try', 'to', 'steal', 'the', 'election', '.', 'we', 'will', 'never', 'let', 'they', 'do', 'it', '.', 'vote', 'can', 'not', 'be', 'cast', 'after', 'the', 'poles', 'be', 'close', '!']"
69,1323864823680126976,2020-11-04,"We are up BIG, but they are trying to STEAL the Election. We will never let them do it. Votes cannot be cast after the Polls are closed!",steal,"are up BIG, but they are trying to STEAL the Election. We will never let them do",False,False,0,0,"['we', 'be', 'up', 'big', ',', 'but', 'they', 'be', 'try', 'to', 'steal', 'the', 'election', '.', 'we', 'will', 'never', 'let', 'they', 'do', 'it', '.', 'vote', 'can', 'not', 'be', 'cast', 'after', 'the', 'poll', 'be', 'closed', '!']"
70,1324004491612618752,2020-11-04,"Last night I was leading, often solidly, in many key States, in almost all instances Democrat run & controlled. Then, one by one, they started to magically disappear as surprise ballot dumps were counted. VERY STRANGE, and the “pollsters” got it completely & historically wrong!",run,"many key States, in almost all instances Democrat run & controlled. Then, one by one, they started",False,False,0,0,"['last', 'night', 'i', 'be', 'lead', ',', 'often', 'solidly', ',', 'in', 'many', 'key', 'states', ',', 'in', 'almost', 'all', 'instance', 'democrat', 'run', '&', 'control', '.', 'then', ',', 'one', 'by', 'one', ',', 'they', 'start', 'to', 'magically', 'disappear', 'as', 'surprise', 'ballot', 'dump', 'be', 'count', '.', 'very', 'strange', ',', 'and', 'the', '""', 'pollster', '""', 'get', 'it', 'completely', '&', 'historically', 'wrong', '!']"
71,1342245390540804096,2020-12-24,"I saved at least 8 Republican Senators, including Mitch, from losing in the last Rigged (for President) Election. Now they (almost all) sit back and watch me fight against a crooked and vicious foe, the Radical Left Democrats. I will NEVER FORGET!",crooked,"sit back and watch me fight against a crooked and vicious foe, the Radical Left Democrats. I",False,False,336363,77029,"['i', 'save', 'at', 'least', '8', 'republican', 'senators', ',', 'include', 'mitch', ',', 'from', 'lose', 'in', 'the', 'last', 'rigged', '(', 'for', 'president', ')', 'election', '.', 'now', 'they', '(', 'almost', 'all', ')', 'sit', 'back', 'and', 'watch', 'i', 'fight', 'against', 'a', 'crooked', 'and', 'vicious', 'foe', ',', 'the', 'radical', 'left', 'democrats', '.', 'i', 'will', 'never', 'forget', '!']"
72,1342245390540804096,2020-12-24,"I saved at least 8 Republican Senators, including Mitch, from losing in the last Rigged (for President) Election. Now they (almost all) sit back and watch me fight against a crooked and vicious foe, the Radical Left Democrats. I will NEVER FORGET!",fight,"they (almost all) sit back and watch me fight against a crooked and vicious foe, the Radical",False,False,336363,77029,"['i', 'save', 'at', 'least', '8', 'republican', 'senators', ',', 'include', 'mitch', ',', 'from', 'lose', 'in', 'the', 'last', 'rigged', '(', 'for', 'president', ')', 'election', '.', 'now', 'they', '(', 'almost', 'all', ')', 'sit', 'back', 'and', 'watch', 'i', 'fight', 'against', 'a', 'crooked', 'and', 'vicious', 'foe', ',', 'the', 'radical', 'left', 'democrats', '.', 'i', 'will', 'never', 'forget', '!']"
73,1340520653653458944,2020-12-20,"As badly as we were treated in Georgia by the “Republican” Governor and “Republican” Secretary of State, we must have a massive victory for two great people, @KLoeffler & @sendavidperdue, on January 5th. I will be having a big Rally for them on Monday night, January 4th. WIN!",victory,"Secretary of State, we must have a massive victory for two great people, @KLoeffler & @sendavidperdue, on",False,False,155710,33955,"['as', 'badly', 'as', 'we', 'be', 'treat', 'in', 'georgia', 'by', 'the', '""', 'republican', '""', 'governor', 'and', '""', 'republican', '""', 'secretary', 'of', 'state', ',', 'we', 'must', 'have', 'a', 'massive', 'victory', 'for', 'two', 'great', 'people', ',', '&', ',', 'on', 'january', '5th', '.', 'i', 'will', 'be', 'have', 'a', 'big', 'rally', 'for', 'they', 'on', 'monday', 'night', ',', 'january', '4th', '.', 'win', '!']"
74,1342817496924086272,2020-12-26,"If a Democrat Presidential Candidate had an Election Rigged & Stolen, with proof of such acts at a level never seen before, the Democrat Senators would consider it an act of war, and fight to the death. Mitch & the Republicans do NOTHING, just want to let it pass. NO FIGHT!",fight,"would consider it an act of war, and fight to the death. Mitch & the Republicans do",False,False,243192,62140,"['if', 'a', 'democrat', 'presidential', 'candidate', 'have', 'an', 'election', 'rigged', '&', 'stolen', ',', 'with', 'proof', 'of', 'such', 'act', 'at', 'a', 'level', 'never', 'see', 'before', ',', 'the', 'democrat', 'senators', 'would', 'consider', 'it', 'an', 'act', 'of', 'war', ',', 'and', 'fight', 'to', 'the', 'death', '.', 'mitch', '&', 'the', 'republicans', 'do', 'nothing', ',', 'just', 'want', 'to', 'let', 'it', 'pass', '.', 'no', 'fight', '!']"
75,1342826019745640448,2020-12-26,"Where the hell is the Durham Report? They spied on my campaign, colluded with Russia (and others), and got caught. Read the Horowitz Reports about Comey & McCabe. Even the Fake News @nytimes said “bad”. They tried it all, and failed, so now they are trying to steal the election!",steal,"and failed, so now they are trying to steal the election!",False,False,225539,60922,"['where', 'the', 'hell', 'be', 'the', 'durham', 'report', '?', 'they', 'spy', 'on', 'my', 'caign', ',', 'collude', 'with', 'russia', '(', 'and', 'other', ')', ',', 'and', 'get', 'catch', '.', 'read', 'the', 'horowitz', 'reports', 'about', 'comey', '&', 'mccabe', '.', 'even', 'the', 'fake', 'news', 'say', '""', 'bad', '""', '.', 'they', 'try', 'it', 'all', ',', 'and', 'fail', ',', 'so', 'now', 'they', 'be', 'try', 'to', 'steal', 'the', 'election', '!']"
76,1342832582606597888,2020-12-26,"A young military man working in Afghanistan told me that elections in Afghanistan are far more secure and much better run than the USA’s 2020 Election. Ours, with its millions and millions of corrupt Mail-In Ballots, was the election of a third world country. Fake President!",run,"Afghanistan are far more secure and much better run than the USA’s 2020 Election. Ours, with its",False,False,263746,60571,"['a', 'young', 'military', 'man', 'work', 'in', 'afghanistan', 'tell', 'i', 'that', 'election', 'in', 'afghanistan', 'be', 'far', 'more', 'secure', 'and', 'much', 'well', 'run', 'than', 'the', 'usa', '’s', '2020', 'election', '.', 'ours', ',', 'with', 'its', 'million', 'and', 'million', 'of', 'corrupt', 'mail', '-', 'in', 'ballot', ',', 'be', 'the', 'election', 'of', 'a', 'third', 'world', 'country', '.', 'fake', 'president', '!']"
77,1324752659996397568,2020-11-06,"With the attack by the Radical Left Dems on the Republican Senate, the Presidency becomes even more important!",attack,With the attack by the Radical Left Dems on the Republican,False,False,416028,68191,"['with', 'the', 'attack', 'by', 'the', 'radical', 'left', 'dems', 'on', 'the', 'republican', 'senate', ',', 'the', 'presidency', 'become', 'even', 'more', 'important', '!']"
78,1343066231222448128,2020-12-27,"Michigan AG Dana Nessel Pursues Sanctions Against Lawyers Questioning Election https://t.co/Hb5xckedoN via @BreitbartNews  These lawyers are true patriots who are fighting for the truth and, obviously, getting very close. AG should be sanctioned. Fight on!",fight,"obviously, getting very close. AG should be sanctioned. Fight on!",False,False,133843,39085,"['michigan', 'ag', 'dana', 'nessel', 'pursues', 'sanctions', 'against', 'lawyers', 'questioning', 'election', 'via', 'these', 'lawyer', 'be', 'true', 'patriot', 'who', 'be', 'fight', 'for', 'the', 'truth', 'and', ',', 'obviously', ',', 'get', 'very', 'close', '.', 'ag', 'should', 'be', 'sanction', '.', 'fight', 'on', '!']"
79,1341043285368909824,2020-12-21,"....@sendavidperdue will not be able to win on January 5th. unless these people allow Signature Verification in presidential race. K & D need it for their race also, & Georgia spirit will rise to such a high that they will easily bring home a great victory. Move fast @BrianKempGA",race,"race. K & D need it for their race also, & Georgia spirit will rise to such",False,False,115740,25626,"['....', 'will', 'not', 'be', 'able', 'to', 'win', 'on', 'january', '5th', '.', 'unless', 'these', 'people', 'allow', 'signature', 'verification', 'in', 'presidential', 'race', '.', 'k', '&', 'd', 'need', 'it', 'for', 'their', 'race', 'also', ',', '&', 'georgia', 'spirit', 'will', 'rise', 'to', 'such', 'a', 'high', 'that', 'they', 'will', 'easily', 'bring', 'home', 'a', 'great', 'victory', '.', 'move', 'fast']"
80,1342974370822692864,2020-12-26,"Time for Republican Senators to step up and fight for the Presidency, like the Democrats would do if they had actually won. The proof is irrefutable! Massive late night mail-in ballot drops in swing states, stuffing the ballot boxes (on video), double voters, dead voters,",fight,"Time for Republican Senators to step up and fight for the Presidency, like the Democrats would do",False,False,301486,78897,"['time', 'for', 'republican', 'senators', 'to', 'step', 'up', 'and', 'fight', 'for', 'the', 'presidency', ',', 'like', 'the', 'democrats', 'would', 'do', 'if', 'they', 'have', 'actually', 'win', '.', 'the', 'proof', 'be', 'irrefutable', '!', 'massive', 'late', 'night', 'mail', '-', 'in', 'ballot', 'drop', 'in', 'swing', 'state', ',', 'stuff', 'the', 'ballot', 'box', '(', 'on', 'video', ')', ',', 'double', 'voter', ',', 'dead', 'voter', ',']"
81,1341547750710800384,2020-12-23,"Republicans in the Senate so quickly forget. Right now they would be down 8 seats without my backing them in the last Election. RINO John Thune, “Mitch’s boy”, should just let it play out. South Dakota doesn’t like weakness. He will be primaried in 2022, political career over!!!",play,"John Thune, “Mitch’s boy”, should just let it play out. South Dakota doesn’t like weakness. He will",False,False,224296,49649,"['republicans', 'in', 'the', 'senate', 'so', 'quickly', 'forget', '.', 'right', 'now', 'they', 'would', 'be', 'down', '8', 'seat', 'without', 'my', 'back', 'they', 'in', 'the', 'last', 'election', '.', 'rino', 'john', 'thune', ',', '""', 'mitch', '’s', 'boy', '""', ',', 'should', 'just', 'let', 'it', 'play', 'out', '.', 'south', 'dakota', 'do', 'not', 'like', 'weakness', '.', 'he', 'will', 'be', 'primarie', 'in', '2022', ',', 'political', 'career', 'over', '!', '!', '!']"
82,1342974377218994176,2020-12-26,"....But when it is all over, and this period of time becomes just another ugly chapter in our Country’s history, WE WILL WIN!!!",chapter,"this period of time becomes just another ugly chapter in our Country’s history, WE WILL WIN!!!",False,False,241940,54057,"['....', 'but', 'when', 'it', 'be', 'all', 'over', ',', 'and', 'this', 'period', 'of', 'time', 'become', 'just', 'another', 'ugly', 'chapter', 'in', 'our', 'country', '’s', 'history', ',', 'we', 'will', 'win', '!', '!', '!']"
83,1343998076084748288,2020-12-29,"Unless Republicans have a death wish, and it is also the right thing to do, they must approve the $2000 payments ASAP. $600 IS NOT ENOUGH! Also, get rid of Section 230 - Don’t let Big Tech steal our Country, and don’t let the Democrats steal the Presidential Election. Get tough! https://t.co/GMotstu7OI",steal,"of Section 230 - Don’t let Big Tech steal our Country, and don’t let the Democrats steal",False,False,190813,51680,"['unless', 'republicans', 'have', 'a', 'death', 'wish', ',', 'and', 'it', 'be', 'also', 'the', 'right', 'thing', 'to', 'do', ',', 'they', 'must', 'approve', 'the', '$', '2000', 'payment', 'asap', '.', '$', '600', 'be', 'not', 'enough', '!', 'also', ',', 'get', 'rid', 'of', 'section', '230', '-', 'do', 'not', 'let', 'big', 'tech', 'steal', 'our', 'country', ',', 'and', 'do', 'not', 'let', 'the', 'democrats', 'steal', 'the', 'presidential', 'election', '.', 'get', 'tough', '!']"
84,1343998076084748288,2020-12-29,"Unless Republicans have a death wish, and it is also the right thing to do, they must approve the $2000 payments ASAP. $600 IS NOT ENOUGH! Also, get rid of Section 230 - Don’t let Big Tech steal our Country, and don’t let the Democrats steal the Presidential Election. Get tough! https://t.co/GMotstu7OI",steal,"steal our Country, and don’t let the Democrats steal the Presidential Election. Get tough! https://t.co/GMotstu7OI",False,False,190813,51680,"['unless', 'republicans', 'have', 'a', 'death', 'wish', ',', 'and', 'it', 'be', 'also', 'the', 'right', 'thing', 'to', 'do', ',', 'they', 'must', 'approve', 'the', '$', '2000', 'payment', 'asap', '.', '$', '600', 'be', 'not', 'enough', '!', 'also', ',', 'get', 'rid', 'of', 'section', '230', '-', 'do', 'not', 'let', 'big', 'tech', 'steal', 'our', 'country', ',', 'and', 'do', 'not', 'let', 'the', 'democrats', 'steal', 'the', 'presidential', 'election', '.', 'get', 'tough', '!']"
85,1344036020162093056,2020-12-29,"Loeffler, Perdue Support Increasing Relief Payments to $2K https://t.co/xLFHNDOBIR via @BreitbartNews. Republicans must support the $2000 payments and must FIGHT the crooked presidential election. We won big!",crooked,support the $2000 payments and must FIGHT the crooked presidential election. We won big!,False,False,102327,26249,"['loeffler', ',', 'perdue', 'support', 'increase', 'relief', 'payment', 'to', '$', '2', 'k', 'via', '.', 'republican', 'must', 'support', 'the', '$', '2000', 'payment', 'and', 'must', 'fight', 'the', 'crooked', 'presidential', 'election', '.', 'we', 'win', 'big', '!']"
86,1344036020162093056,2020-12-29,"Loeffler, Perdue Support Increasing Relief Payments to $2K https://t.co/xLFHNDOBIR via @BreitbartNews. Republicans must support the $2000 payments and must FIGHT the crooked presidential election. We won big!",fight,Republicans must support the $2000 payments and must FIGHT the crooked presidential election. We won big!,False,False,102327,26249,"['loeffler', ',', 'perdue', 'support', 'increase', 'relief', 'payment', 'to', '$', '2', 'k', 'via', '.', 'republican', 'must', 'support', 'the', '$', '2000', 'payment', 'and', 'must', 'fight', 'the', 'crooked', 'presidential', 'election', '.', 'we', 'win', 'big', '!']"
87,1344142386935570432,2020-12-30,"I love the Great State of Georgia, but the people who run it, from the Governor, @BrianKempGA, to the Secretary of State, are a complete disaster and don’t have a clue, or worse. Nobody can be this stupid. Just allow us to find the crime, and turn the state Republican....",run,"Great State of Georgia, but the people who run it, from the Governor, @BrianKempGA, to the Secretary",False,False,179051,41082,"['i', 'love', 'the', 'great', 'state', 'of', 'georgia', ',', 'but', 'the', 'people', 'who', 'run', 'it', ',', 'from', 'the', 'governor', ',', ',', 'to', 'the', 'secretary', 'of', 'state', ',', 'be', 'a', 'complete', 'disaster', 'and', 'do', 'not', 'have', 'a', 'clue', ',', 'or', 'bad', '.', 'nobody', 'can', 'be', 'this', 'stupid', '.', 'just', 'allow', 'we', 'to', 'find', 'the', 'crime', ',', 'and', 'turn', 'the', 'state', 'republican', '....']"
88,1345508977031974912,2021-01-02,An attempt to steal a landslide win. Can’t let it happen! https://t.co/sKn4iTjUy0,landslide,An attempt to steal a landslide win. Can’t let it happen! https://t.co/sKn4iTjUy0,False,False,177392,44037,"['an', 'attempt', 'to', 'steal', 'a', 'landslide', 'win', '.', 'can', 'not', 'let', 'it', 'happen', '!']"
89,1345508977031974912,2021-01-02,An attempt to steal a landslide win. Can’t let it happen! https://t.co/sKn4iTjUy0,steal,An attempt to steal a landslide win. Can’t let it happen! https://t.co/sKn4iTjUy0,False,False,177392,44037,"['an', 'attempt', 'to', 'steal', 'a', 'landslide', 'win', '.', 'can', 'not', 'let', 'it', 'happen', '!']"
90,1327811527123103488,2020-11-15,"I look forward to Mayor Giuliani spearheading the legal effort to defend OUR RIGHT to FREE and FAIR ELECTIONS! Rudy Giuliani, Joseph diGenova, Victoria Toensing, Sidney Powell, and Jenna Ellis, a truly great team, added to our other wonderful lawyers and representatives!",defend,to Mayor Giuliani spearheading the legal effort to defend OUR RIGHT to FREE and FAIR ELECTIONS! Rudy,False,False,331128,67982,"['i', 'look', 'forward', 'to', 'mayor', 'giuliani', 'spearhead', 'the', 'legal', 'effort', 'to', 'defend', 'our', 'right', 'to', 'free', 'and', 'fair', 'election', '!', 'rudy', 'giuliani', ',', 'joseph', 'digenova', ',', 'victoria', 'toensing', ',', 'sidney', 'powell', ',', 'and', 'jenna', 'ellis', ',', 'a', 'truly', 'great', 'team', ',', 'add', 'to', 'our', 'other', 'wonderful', 'lawyer', 'and', 'representative', '!']"
91,1325065540390559488,2020-11-07,"Tens of thousands of votes were illegally received after 8 P.M. on Tuesday, Election Day, totally and easily changing the results in Pennsylvania and certain other razor thin states. As a separate matter, hundreds of thousands of Votes were illegally not allowed to be OBSERVED...",thin,"the results in Pennsylvania and certain other razor thin states. As a separate matter, hundreds of thousands",False,False,0,0,"['ten', 'of', 'thousand', 'of', 'vote', 'be', 'illegally', 'receive', 'after', '8', 'p.m.', 'on', 'tuesday', ',', 'election', 'day', ',', 'totally', 'and', 'easily', 'change', 'the', 'result', 'in', 'pennsylvania', 'and', 'certain', 'other', 'razor', 'thin', 'state', '.', 'as', 'a', 'separate', 'matter', ',', 'hundred', 'of', 'thousand', 'of', 'vote', 'be', 'illegally', 'not', 'allow', 'to', 'be', 'observed', '...']"
92,1323425512933523712,2020-11-03,"Over the next 4 years, we will teach our children to love our Country, honor our history, and always respect our great American Flag—and with God’s help, we will defend the right to life, religious liberty, and the right to KEEP AND BEAR ARMS! https://t.co/gsFSghkmdM",defend,"great American Flag—and with God’s help, we will defend the right to life, religious liberty, and the",False,False,75419,16425,"['over', 'the', 'next', '4', 'year', ',', 'we', 'will', 'teach', 'our', 'child', 'to', 'love', 'our', 'country', ',', 'honor', 'our', 'history', ',', 'and', 'always', 'respect', 'our', 'great', 'american', 'flag', '—', 'and', 'with', 'god', '’s', 'help', ',', 'we', 'will', 'defend', 'the', 'right', 'to', 'life', ',', 'religious', 'liberty', ',', 'and', 'the', 'right', 'to', 'keep', 'and', 'bear', 'arms', '!']"
93,1342832582606597888,2020-12-26,"A young military man working in Afghanistan told me that elections in Afghanistan are far more secure and much better run than the USA’s 2020 Election. Ours, with its millions and millions of corrupt Mail-In Ballots, was the election of a third world country. Fake President!",run,"Afghanistan are far more secure and much better run than the USA’s 2020 Election. Ours, with its",False,False,263746,60571,"['a', 'young', 'military', 'man', 'work', 'in', 'afghanistan', 'tell', 'i', 'that', 'election', 'in', 'afghanistan', 'be', 'far', 'more', 'secure', 'and', 'much', 'well', 'run', 'than', 'the', 'usa', '’s', '2020', 'election', '.', 'ours', ',', 'with', 'its', 'million', 'and', 'million', 'of', 'corrupt', 'mail', '-', 'in', 'ballot', ',', 'be', 'the', 'election', 'of', 'a', 'third', 'world', 'country', '.', 'fake', 'president', '!']"
